<annotation>
	<folder></folder>
	<filename>100_jpg.rf.6326995196734b5f7943b13391d773db.jpg</filename>
	<path>100_jpg.rf.6326995196734b5f7943b13391d773db.jpg</path>
	<source>
		<database>roboflow.com</database>
	</source>
	<size>
		<width>640</width>
		<height>640</height>
		<depth>3</depth>
	</size>
	<segmented>0</segmented>
	<object>
		<name>Plate</name>
		<pose>Unspecified</pose>
		<truncated>0</truncated>
		<difficult>0</difficult>
		<occluded>0</occluded>
		<bndbox>
			<xmin>162</xmin>
			<xmax>641</xmax>
			<ymin>194</ymin>
			<ymax>512</ymax>
		</bndbox>
	</object>
	<object>
		<name>Plate</name>
		<pose>Unspecified</pose>
		<truncated>0</truncated>
		<difficult>0</difficult>
		<occluded>0</occluded>
		<bndbox>
			<xmin>39</xmin>
			<xmax>499</xmax>
			<ymin>113</ymin>
			<ymax>423</ymax>
		</bndbox>
	</object>
</annotation>
