<annotation>
	<folder></folder>
	<filename>100_jpg.rf.0d77e77b8fe49cd8517940fd01b30130.jpg</filename>
	<path>100_jpg.rf.0d77e77b8fe49cd8517940fd01b30130.jpg</path>
	<source>
		<database>roboflow.com</database>
	</source>
	<size>
		<width>640</width>
		<height>640</height>
		<depth>3</depth>
	</size>
	<segmented>0</segmented>
	<object>
		<name>Plate</name>
		<pose>Unspecified</pose>
		<truncated>0</truncated>
		<difficult>0</difficult>
		<occluded>0</occluded>
		<bndbox>
			<xmin>194</xmin>
			<xmax>512</xmax>
			<ymin>162</ymin>
			<ymax>641</ymax>
		</bndbox>
	</object>
	<object>
		<name>Plate</name>
		<pose>Unspecified</pose>
		<truncated>0</truncated>
		<difficult>0</difficult>
		<occluded>0</occluded>
		<bndbox>
			<xmin>113</xmin>
			<xmax>423</xmax>
			<ymin>39</ymin>
			<ymax>499</ymax>
		</bndbox>
	</object>
</annotation>
