<annotation>
	<folder></folder>
	<filename>101_jpg.rf.65821d0abb9060fa549d7811469a6fc0.jpg</filename>
	<path>101_jpg.rf.65821d0abb9060fa549d7811469a6fc0.jpg</path>
	<source>
		<database>roboflow.com</database>
	</source>
	<size>
		<width>640</width>
		<height>640</height>
		<depth>3</depth>
	</size>
	<segmented>0</segmented>
	<object>
		<name>Plate</name>
		<pose>Unspecified</pose>
		<truncated>0</truncated>
		<difficult>0</difficult>
		<occluded>0</occluded>
		<bndbox>
			<xmin>163</xmin>
			<xmax>483</xmax>
			<ymin>122</ymin>
			<ymax>556</ymax>
		</bndbox>
	</object>
</annotation>
