<annotation>
	<folder></folder>
	<filename>101_jpg.rf.69351c3ec45cf9177228a57433c8840f.jpg</filename>
	<path>101_jpg.rf.69351c3ec45cf9177228a57433c8840f.jpg</path>
	<source>
		<database>roboflow.com</database>
	</source>
	<size>
		<width>640</width>
		<height>640</height>
		<depth>3</depth>
	</size>
	<segmented>0</segmented>
	<object>
		<name>Plate</name>
		<pose>Unspecified</pose>
		<truncated>0</truncated>
		<difficult>0</difficult>
		<occluded>0</occluded>
		<bndbox>
			<xmin>86</xmin>
			<xmax>520</xmax>
			<ymin>160</ymin>
			<ymax>480</ymax>
		</bndbox>
	</object>
</annotation>
