<annotation>
	<folder></folder>
	<filename>101_jpg.rf.20fb9d7229e904c0fa2abe4ed301f1e8.jpg</filename>
	<path>101_jpg.rf.20fb9d7229e904c0fa2abe4ed301f1e8.jpg</path>
	<source>
		<database>roboflow.com</database>
	</source>
	<size>
		<width>640</width>
		<height>640</height>
		<depth>3</depth>
	</size>
	<segmented>0</segmented>
	<object>
		<name>Plate</name>
		<pose>Unspecified</pose>
		<truncated>0</truncated>
		<difficult>0</difficult>
		<occluded>0</occluded>
		<bndbox>
			<xmin>122</xmin>
			<xmax>556</xmax>
			<ymin>160</ymin>
			<ymax>480</ymax>
		</bndbox>
	</object>
</annotation>
