<annotation>
	<folder></folder>
	<filename>102_jpg.rf.2f38a1dd5af55f8972fd99f8dc74bf11.jpg</filename>
	<path>102_jpg.rf.2f38a1dd5af55f8972fd99f8dc74bf11.jpg</path>
	<source>
		<database>roboflow.com</database>
	</source>
	<size>
		<width>640</width>
		<height>640</height>
		<depth>3</depth>
	</size>
	<segmented>0</segmented>
	<object>
		<name>Plate</name>
		<pose>Unspecified</pose>
		<truncated>0</truncated>
		<difficult>0</difficult>
		<occluded>0</occluded>
		<bndbox>
			<xmin>277</xmin>
			<xmax>395</xmax>
			<ymin>324</ymin>
			<ymax>604</ymax>
		</bndbox>
	</object>
	<object>
		<name>Plate</name>
		<pose>Unspecified</pose>
		<truncated>0</truncated>
		<difficult>0</difficult>
		<occluded>0</occluded>
		<bndbox>
			<xmin>192</xmin>
			<xmax>306</xmax>
			<ymin>116</ymin>
			<ymax>378</ymax>
		</bndbox>
	</object>
	<object>
		<name>Plate</name>
		<pose>Unspecified</pose>
		<truncated>0</truncated>
		<difficult>0</difficult>
		<occluded>0</occluded>
		<bndbox>
			<xmin>266</xmin>
			<xmax>442</xmax>
			<ymin>1</ymin>
			<ymax>308</ymax>
		</bndbox>
	</object>
	<object>
		<name>Plate</name>
		<pose>Unspecified</pose>
		<truncated>0</truncated>
		<difficult>0</difficult>
		<occluded>0</occluded>
		<bndbox>
			<xmin>383</xmin>
			<xmax>568</xmax>
			<ymin>159</ymin>
			<ymax>499</ymax>
		</bndbox>
	</object>
</annotation>
