<annotation>
	<folder></folder>
	<filename>107_jpg.rf.5d2b1009a2d6e6b2b512afeffc3e1d56.jpg</filename>
	<path>107_jpg.rf.5d2b1009a2d6e6b2b512afeffc3e1d56.jpg</path>
	<source>
		<database>roboflow.com</database>
	</source>
	<size>
		<width>640</width>
		<height>640</height>
		<depth>3</depth>
	</size>
	<segmented>0</segmented>
	<object>
		<name>Plate</name>
		<pose>Unspecified</pose>
		<truncated>0</truncated>
		<difficult>0</difficult>
		<occluded>0</occluded>
		<bndbox>
			<xmin>40</xmin>
			<xmax>464</xmax>
			<ymin>138</ymin>
			<ymax>606</ymax>
		</bndbox>
	</object>
	<object>
		<name>Plate</name>
		<pose>Unspecified</pose>
		<truncated>0</truncated>
		<difficult>0</difficult>
		<occluded>0</occluded>
		<bndbox>
			<xmin>330</xmin>
			<xmax>598</xmax>
			<ymin>26</ymin>
			<ymax>544</ymax>
		</bndbox>
	</object>
	<object>
		<name>Plate</name>
		<pose>Unspecified</pose>
		<truncated>0</truncated>
		<difficult>0</difficult>
		<occluded>0</occluded>
		<bndbox>
			<xmin>236</xmin>
			<xmax>579</xmax>
			<ymin>420</ymin>
			<ymax>641</ymax>
		</bndbox>
	</object>
</annotation>
