<annotation>
	<folder></folder>
	<filename>108_jpg.rf.dbe5774f433a2471f4cc2e80d73054df.jpg</filename>
	<path>108_jpg.rf.dbe5774f433a2471f4cc2e80d73054df.jpg</path>
	<source>
		<database>roboflow.com</database>
	</source>
	<size>
		<width>640</width>
		<height>640</height>
		<depth>3</depth>
	</size>
	<segmented>0</segmented>
	<object>
		<name>Plate</name>
		<pose>Unspecified</pose>
		<truncated>0</truncated>
		<difficult>0</difficult>
		<occluded>0</occluded>
		<bndbox>
			<xmin>216</xmin>
			<xmax>641</xmax>
			<ymin>163</ymin>
			<ymax>641</ymax>
		</bndbox>
	</object>
	<object>
		<name>Plate</name>
		<pose>Unspecified</pose>
		<truncated>0</truncated>
		<difficult>0</difficult>
		<occluded>0</occluded>
		<bndbox>
			<xmin>2</xmin>
			<xmax>362</xmax>
			<ymin>1</ymin>
			<ymax>218</ymax>
		</bndbox>
	</object>
</annotation>
