<annotation>
	<folder></folder>
	<filename>108_jpg.rf.d89b01702f06dd8437188eb5a9b7df03.jpg</filename>
	<path>108_jpg.rf.d89b01702f06dd8437188eb5a9b7df03.jpg</path>
	<source>
		<database>roboflow.com</database>
	</source>
	<size>
		<width>640</width>
		<height>640</height>
		<depth>3</depth>
	</size>
	<segmented>0</segmented>
	<object>
		<name>Plate</name>
		<pose>Unspecified</pose>
		<truncated>0</truncated>
		<difficult>0</difficult>
		<occluded>0</occluded>
		<bndbox>
			<xmin>163</xmin>
			<xmax>641</xmax>
			<ymin>1</ymin>
			<ymax>426</ymax>
		</bndbox>
	</object>
	<object>
		<name>Plate</name>
		<pose>Unspecified</pose>
		<truncated>0</truncated>
		<difficult>0</difficult>
		<occluded>0</occluded>
		<bndbox>
			<xmin>1</xmin>
			<xmax>218</xmax>
			<ymin>281</ymin>
			<ymax>641</ymax>
		</bndbox>
	</object>
</annotation>
