<annotation>
	<folder></folder>
	<filename>110_jpg.rf.b84bc2818e53c6a90f153a3a49125474.jpg</filename>
	<path>110_jpg.rf.b84bc2818e53c6a90f153a3a49125474.jpg</path>
	<source>
		<database>roboflow.com</database>
	</source>
	<size>
		<width>640</width>
		<height>640</height>
		<depth>3</depth>
	</size>
	<segmented>0</segmented>
	<object>
		<name>Plate</name>
		<pose>Unspecified</pose>
		<truncated>0</truncated>
		<difficult>0</difficult>
		<occluded>0</occluded>
		<bndbox>
			<xmin>271</xmin>
			<xmax>573</xmax>
			<ymin>5</ymin>
			<ymax>401</ymax>
		</bndbox>
	</object>
	<object>
		<name>Plate</name>
		<pose>Unspecified</pose>
		<truncated>0</truncated>
		<difficult>0</difficult>
		<occluded>0</occluded>
		<bndbox>
			<xmin>323</xmin>
			<xmax>495</xmax>
			<ymin>387</ymin>
			<ymax>641</ymax>
		</bndbox>
	</object>
	<object>
		<name>Plate</name>
		<pose>Unspecified</pose>
		<truncated>0</truncated>
		<difficult>0</difficult>
		<occluded>0</occluded>
		<bndbox>
			<xmin>48</xmin>
			<xmax>360</xmax>
			<ymin>208</ymin>
			<ymax>590</ymax>
		</bndbox>
	</object>
</annotation>
