<annotation>
	<folder></folder>
	<filename>110_jpg.rf.bd62fc472cc9ec9ac9a0d552417bd0ba.jpg</filename>
	<path>110_jpg.rf.bd62fc472cc9ec9ac9a0d552417bd0ba.jpg</path>
	<source>
		<database>roboflow.com</database>
	</source>
	<size>
		<width>640</width>
		<height>640</height>
		<depth>3</depth>
	</size>
	<segmented>0</segmented>
	<object>
		<name>Plate</name>
		<pose>Unspecified</pose>
		<truncated>0</truncated>
		<difficult>0</difficult>
		<occluded>0</occluded>
		<bndbox>
			<xmin>242</xmin>
			<xmax>638</xmax>
			<ymin>271</ymin>
			<ymax>573</ymax>
		</bndbox>
	</object>
	<object>
		<name>Plate</name>
		<pose>Unspecified</pose>
		<truncated>0</truncated>
		<difficult>0</difficult>
		<occluded>0</occluded>
		<bndbox>
			<xmin>1</xmin>
			<xmax>255</xmax>
			<ymin>323</ymin>
			<ymax>495</ymax>
		</bndbox>
	</object>
	<object>
		<name>Plate</name>
		<pose>Unspecified</pose>
		<truncated>0</truncated>
		<difficult>0</difficult>
		<occluded>0</occluded>
		<bndbox>
			<xmin>52</xmin>
			<xmax>434</xmax>
			<ymin>48</ymin>
			<ymax>360</ymax>
		</bndbox>
	</object>
</annotation>
