<annotation>
	<folder></folder>
	<filename>111_jpg.rf.aef65bae10b7f8d9e08816e8b704dafa.jpg</filename>
	<path>111_jpg.rf.aef65bae10b7f8d9e08816e8b704dafa.jpg</path>
	<source>
		<database>roboflow.com</database>
	</source>
	<size>
		<width>640</width>
		<height>640</height>
		<depth>3</depth>
	</size>
	<segmented>0</segmented>
	<object>
		<name>Plate</name>
		<pose>Unspecified</pose>
		<truncated>0</truncated>
		<difficult>0</difficult>
		<occluded>0</occluded>
		<bndbox>
			<xmin>429</xmin>
			<xmax>605</xmax>
			<ymin>44</ymin>
			<ymax>360</ymax>
		</bndbox>
	</object>
	<object>
		<name>Plate</name>
		<pose>Unspecified</pose>
		<truncated>0</truncated>
		<difficult>0</difficult>
		<occluded>0</occluded>
		<bndbox>
			<xmin>319</xmin>
			<xmax>495</xmax>
			<ymin>300</ymin>
			<ymax>596</ymax>
		</bndbox>
	</object>
</annotation>
