<annotation>
	<folder></folder>
	<filename>111_jpg.rf.51fc16790d6195e03568d7e271613fcd.jpg</filename>
	<path>111_jpg.rf.51fc16790d6195e03568d7e271613fcd.jpg</path>
	<source>
		<database>roboflow.com</database>
	</source>
	<size>
		<width>640</width>
		<height>640</height>
		<depth>3</depth>
	</size>
	<segmented>0</segmented>
	<object>
		<name>Plate</name>
		<pose>Unspecified</pose>
		<truncated>0</truncated>
		<difficult>0</difficult>
		<occluded>0</occluded>
		<bndbox>
			<xmin>37</xmin>
			<xmax>213</xmax>
			<ymin>282</ymin>
			<ymax>598</ymax>
		</bndbox>
	</object>
	<object>
		<name>Plate</name>
		<pose>Unspecified</pose>
		<truncated>0</truncated>
		<difficult>0</difficult>
		<occluded>0</occluded>
		<bndbox>
			<xmin>147</xmin>
			<xmax>323</xmax>
			<ymin>46</ymin>
			<ymax>342</ymax>
		</bndbox>
	</object>
</annotation>
