<annotation>
	<folder></folder>
	<filename>112_jpg.rf.3572a4cd12afe6468d22da31ea06c39f.jpg</filename>
	<path>112_jpg.rf.3572a4cd12afe6468d22da31ea06c39f.jpg</path>
	<source>
		<database>roboflow.com</database>
	</source>
	<size>
		<width>640</width>
		<height>640</height>
		<depth>3</depth>
	</size>
	<segmented>0</segmented>
	<object>
		<name>Plate</name>
		<pose>Unspecified</pose>
		<truncated>0</truncated>
		<difficult>0</difficult>
		<occluded>0</occluded>
		<bndbox>
			<xmin>113</xmin>
			<xmax>371</xmax>
			<ymin>213</ymin>
			<ymax>536</ymax>
		</bndbox>
	</object>
	<object>
		<name>Plate</name>
		<pose>Unspecified</pose>
		<truncated>0</truncated>
		<difficult>0</difficult>
		<occluded>0</occluded>
		<bndbox>
			<xmin>226</xmin>
			<xmax>616</xmax>
			<ymin>2</ymin>
			<ymax>238</ymax>
		</bndbox>
	</object>
	<object>
		<name>Plate</name>
		<pose>Unspecified</pose>
		<truncated>0</truncated>
		<difficult>0</difficult>
		<occluded>0</occluded>
		<bndbox>
			<xmin>323</xmin>
			<xmax>638</xmax>
			<ymin>551</ymin>
			<ymax>641</ymax>
		</bndbox>
	</object>
	<object>
		<name>Plate</name>
		<pose>Unspecified</pose>
		<truncated>0</truncated>
		<difficult>0</difficult>
		<occluded>0</occluded>
		<bndbox>
			<xmin>1</xmin>
			<xmax>188</xmax>
			<ymin>1</ymin>
			<ymax>307</ymax>
		</bndbox>
	</object>
</annotation>
