<annotation>
	<folder></folder>
	<filename>113_jpg.rf.445538bbd865fcfac4f4b5c22e47687f.jpg</filename>
	<path>113_jpg.rf.445538bbd865fcfac4f4b5c22e47687f.jpg</path>
	<source>
		<database>roboflow.com</database>
	</source>
	<size>
		<width>640</width>
		<height>640</height>
		<depth>3</depth>
	</size>
	<segmented>0</segmented>
	<object>
		<name>Plate</name>
		<pose>Unspecified</pose>
		<truncated>0</truncated>
		<difficult>0</difficult>
		<occluded>0</occluded>
		<bndbox>
			<xmin>55</xmin>
			<xmax>371</xmax>
			<ymin>95</ymin>
			<ymax>425</ymax>
		</bndbox>
	</object>
</annotation>
