<annotation>
	<folder></folder>
	<filename>113_jpg.rf.4c885b0e5348c995a3c9ed04ff63f53a.jpg</filename>
	<path>113_jpg.rf.4c885b0e5348c995a3c9ed04ff63f53a.jpg</path>
	<source>
		<database>roboflow.com</database>
	</source>
	<size>
		<width>640</width>
		<height>640</height>
		<depth>3</depth>
	</size>
	<segmented>0</segmented>
	<object>
		<name>Plate</name>
		<pose>Unspecified</pose>
		<truncated>0</truncated>
		<difficult>0</difficult>
		<occluded>0</occluded>
		<bndbox>
			<xmin>55</xmin>
			<xmax>371</xmax>
			<ymin>218</ymin>
			<ymax>548</ymax>
		</bndbox>
	</object>
</annotation>
