<annotation>
	<folder></folder>
	<filename>113_jpg.rf.5115eeec4a5d6d5115213b53260346a5.jpg</filename>
	<path>113_jpg.rf.5115eeec4a5d6d5115213b53260346a5.jpg</path>
	<source>
		<database>roboflow.com</database>
	</source>
	<size>
		<width>640</width>
		<height>640</height>
		<depth>3</depth>
	</size>
	<segmented>0</segmented>
	<object>
		<name>Plate</name>
		<pose>Unspecified</pose>
		<truncated>0</truncated>
		<difficult>0</difficult>
		<occluded>0</occluded>
		<bndbox>
			<xmin>272</xmin>
			<xmax>588</xmax>
			<ymin>95</ymin>
			<ymax>425</ymax>
		</bndbox>
	</object>
</annotation>
