<annotation>
	<folder></folder>
	<filename>115_jpg.rf.01208a5ca37aecc995d7af2bc985bd80.jpg</filename>
	<path>115_jpg.rf.01208a5ca37aecc995d7af2bc985bd80.jpg</path>
	<source>
		<database>roboflow.com</database>
	</source>
	<size>
		<width>640</width>
		<height>640</height>
		<depth>3</depth>
	</size>
	<segmented>0</segmented>
	<object>
		<name>Plate</name>
		<pose>Unspecified</pose>
		<truncated>0</truncated>
		<difficult>0</difficult>
		<occluded>0</occluded>
		<bndbox>
			<xmin>98</xmin>
			<xmax>372</xmax>
			<ymin>300</ymin>
			<ymax>588</ymax>
		</bndbox>
	</object>
	<object>
		<name>Plate</name>
		<pose>Unspecified</pose>
		<truncated>0</truncated>
		<difficult>0</difficult>
		<occluded>0</occluded>
		<bndbox>
			<xmin>270</xmin>
			<xmax>504</xmax>
			<ymin>112</ymin>
			<ymax>370</ymax>
		</bndbox>
	</object>
</annotation>
