<annotation>
	<folder></folder>
	<filename>115_jpg.rf.23d926d1340204eaa0ef5a4ef9a9d9f3.jpg</filename>
	<path>115_jpg.rf.23d926d1340204eaa0ef5a4ef9a9d9f3.jpg</path>
	<source>
		<database>roboflow.com</database>
	</source>
	<size>
		<width>640</width>
		<height>640</height>
		<depth>3</depth>
	</size>
	<segmented>0</segmented>
	<object>
		<name>Plate</name>
		<pose>Unspecified</pose>
		<truncated>0</truncated>
		<difficult>0</difficult>
		<occluded>0</occluded>
		<bndbox>
			<xmin>271</xmin>
			<xmax>545</xmax>
			<ymin>54</ymin>
			<ymax>342</ymax>
		</bndbox>
	</object>
	<object>
		<name>Plate</name>
		<pose>Unspecified</pose>
		<truncated>0</truncated>
		<difficult>0</difficult>
		<occluded>0</occluded>
		<bndbox>
			<xmin>138</xmin>
			<xmax>372</xmax>
			<ymin>272</ymin>
			<ymax>530</ymax>
		</bndbox>
	</object>
</annotation>
