<annotation>
	<folder></folder>
	<filename>115_jpg.rf.3e6405c85be83a87d4822a5c2180ddbd.jpg</filename>
	<path>115_jpg.rf.3e6405c85be83a87d4822a5c2180ddbd.jpg</path>
	<source>
		<database>roboflow.com</database>
	</source>
	<size>
		<width>640</width>
		<height>640</height>
		<depth>3</depth>
	</size>
	<segmented>0</segmented>
	<object>
		<name>Plate</name>
		<pose>Unspecified</pose>
		<truncated>0</truncated>
		<difficult>0</difficult>
		<occluded>0</occluded>
		<bndbox>
			<xmin>300</xmin>
			<xmax>588</xmax>
			<ymin>271</ymin>
			<ymax>545</ymax>
		</bndbox>
	</object>
	<object>
		<name>Plate</name>
		<pose>Unspecified</pose>
		<truncated>0</truncated>
		<difficult>0</difficult>
		<occluded>0</occluded>
		<bndbox>
			<xmin>112</xmin>
			<xmax>370</xmax>
			<ymin>138</ymin>
			<ymax>372</ymax>
		</bndbox>
	</object>
</annotation>
