<annotation>
	<folder></folder>
	<filename>116_jpg.rf.e9a7adccfa7547213d0069b62e9a4c59.jpg</filename>
	<path>116_jpg.rf.e9a7adccfa7547213d0069b62e9a4c59.jpg</path>
	<source>
		<database>roboflow.com</database>
	</source>
	<size>
		<width>640</width>
		<height>640</height>
		<depth>3</depth>
	</size>
	<segmented>0</segmented>
	<object>
		<name>Plate</name>
		<pose>Unspecified</pose>
		<truncated>0</truncated>
		<difficult>0</difficult>
		<occluded>0</occluded>
		<bndbox>
			<xmin>335</xmin>
			<xmax>487</xmax>
			<ymin>96</ymin>
			<ymax>472</ymax>
		</bndbox>
	</object>
	<object>
		<name>Plate</name>
		<pose>Unspecified</pose>
		<truncated>0</truncated>
		<difficult>0</difficult>
		<occluded>0</occluded>
		<bndbox>
			<xmin>331</xmin>
			<xmax>522</xmax>
			<ymin>89</ymin>
			<ymax>541</ymax>
		</bndbox>
	</object>
	<object>
		<name>Plate</name>
		<pose>Unspecified</pose>
		<truncated>0</truncated>
		<difficult>0</difficult>
		<occluded>0</occluded>
		<bndbox>
			<xmin>503</xmin>
			<xmax>641</xmax>
			<ymin>463</ymin>
			<ymax>641</ymax>
		</bndbox>
	</object>
</annotation>
