<annotation>
	<folder></folder>
	<filename>116_jpg.rf.df64fcf0fb7f62cb2bc12c301b4654c0.jpg</filename>
	<path>116_jpg.rf.df64fcf0fb7f62cb2bc12c301b4654c0.jpg</path>
	<source>
		<database>roboflow.com</database>
	</source>
	<size>
		<width>640</width>
		<height>640</height>
		<depth>3</depth>
	</size>
	<segmented>0</segmented>
	<object>
		<name>Plate</name>
		<pose>Unspecified</pose>
		<truncated>0</truncated>
		<difficult>0</difficult>
		<occluded>0</occluded>
		<bndbox>
			<xmin>335</xmin>
			<xmax>487</xmax>
			<ymin>171</ymin>
			<ymax>547</ymax>
		</bndbox>
	</object>
	<object>
		<name>Plate</name>
		<pose>Unspecified</pose>
		<truncated>0</truncated>
		<difficult>0</difficult>
		<occluded>0</occluded>
		<bndbox>
			<xmin>331</xmin>
			<xmax>522</xmax>
			<ymin>101</ymin>
			<ymax>553</ymax>
		</bndbox>
	</object>
	<object>
		<name>Plate</name>
		<pose>Unspecified</pose>
		<truncated>0</truncated>
		<difficult>0</difficult>
		<occluded>0</occluded>
		<bndbox>
			<xmin>503</xmin>
			<xmax>641</xmax>
			<ymin>1</ymin>
			<ymax>179</ymax>
		</bndbox>
	</object>
</annotation>
