<annotation>
	<folder></folder>
	<filename>116_jpg.rf.30aa5a57a58f6856996ea0210a59b313.jpg</filename>
	<path>116_jpg.rf.30aa5a57a58f6856996ea0210a59b313.jpg</path>
	<source>
		<database>roboflow.com</database>
	</source>
	<size>
		<width>640</width>
		<height>640</height>
		<depth>3</depth>
	</size>
	<segmented>0</segmented>
	<object>
		<name>Plate</name>
		<pose>Unspecified</pose>
		<truncated>0</truncated>
		<difficult>0</difficult>
		<occluded>0</occluded>
		<bndbox>
			<xmin>155</xmin>
			<xmax>307</xmax>
			<ymin>171</ymin>
			<ymax>547</ymax>
		</bndbox>
	</object>
	<object>
		<name>Plate</name>
		<pose>Unspecified</pose>
		<truncated>0</truncated>
		<difficult>0</difficult>
		<occluded>0</occluded>
		<bndbox>
			<xmin>121</xmin>
			<xmax>312</xmax>
			<ymin>101</ymin>
			<ymax>553</ymax>
		</bndbox>
	</object>
	<object>
		<name>Plate</name>
		<pose>Unspecified</pose>
		<truncated>0</truncated>
		<difficult>0</difficult>
		<occluded>0</occluded>
		<bndbox>
			<xmin>1</xmin>
			<xmax>139</xmax>
			<ymin>1</ymin>
			<ymax>179</ymax>
		</bndbox>
	</object>
</annotation>
