<annotation>
	<folder></folder>
	<filename>117_jpg.rf.760277118b1b03851a05b4b798ff4866.jpg</filename>
	<path>117_jpg.rf.760277118b1b03851a05b4b798ff4866.jpg</path>
	<source>
		<database>roboflow.com</database>
	</source>
	<size>
		<width>640</width>
		<height>640</height>
		<depth>3</depth>
	</size>
	<segmented>0</segmented>
	<object>
		<name>Plate</name>
		<pose>Unspecified</pose>
		<truncated>0</truncated>
		<difficult>0</difficult>
		<occluded>0</occluded>
		<bndbox>
			<xmin>100</xmin>
			<xmax>524</xmax>
			<ymin>186</ymin>
			<ymax>640</ymax>
		</bndbox>
	</object>
	<object>
		<name>Plate</name>
		<pose>Unspecified</pose>
		<truncated>0</truncated>
		<difficult>0</difficult>
		<occluded>0</occluded>
		<bndbox>
			<xmin>1</xmin>
			<xmax>326</xmax>
			<ymin>1</ymin>
			<ymax>376</ymax>
		</bndbox>
	</object>
	<object>
		<name>Plate</name>
		<pose>Unspecified</pose>
		<truncated>0</truncated>
		<difficult>0</difficult>
		<occluded>0</occluded>
		<bndbox>
			<xmin>219</xmin>
			<xmax>641</xmax>
			<ymin>1</ymin>
			<ymax>297</ymax>
		</bndbox>
	</object>
</annotation>
