<annotation>
	<folder></folder>
	<filename>119_jpg.rf.50e13450931ff54d12106b59e020ad45.jpg</filename>
	<path>119_jpg.rf.50e13450931ff54d12106b59e020ad45.jpg</path>
	<source>
		<database>roboflow.com</database>
	</source>
	<size>
		<width>640</width>
		<height>640</height>
		<depth>3</depth>
	</size>
	<segmented>0</segmented>
	<object>
		<name>Plate</name>
		<pose>Unspecified</pose>
		<truncated>0</truncated>
		<difficult>0</difficult>
		<occluded>0</occluded>
		<bndbox>
			<xmin>81</xmin>
			<xmax>617</xmax>
			<ymin>104</ymin>
			<ymax>569</ymax>
		</bndbox>
	</object>
</annotation>
