<annotation>
	<folder></folder>
	<filename>119_jpg.rf.ab4c8b137b196734a24491e1a5c5ea54.jpg</filename>
	<path>119_jpg.rf.ab4c8b137b196734a24491e1a5c5ea54.jpg</path>
	<source>
		<database>roboflow.com</database>
	</source>
	<size>
		<width>640</width>
		<height>640</height>
		<depth>3</depth>
	</size>
	<segmented>0</segmented>
	<object>
		<name>Plate</name>
		<pose>Unspecified</pose>
		<truncated>0</truncated>
		<difficult>0</difficult>
		<occluded>0</occluded>
		<bndbox>
			<xmin>104</xmin>
			<xmax>569</xmax>
			<ymin>25</ymin>
			<ymax>561</ymax>
		</bndbox>
	</object>
</annotation>
