<annotation>
	<folder></folder>
	<filename>119_jpg.rf.bdc1ab1ec71e0b6767df0bbfbdbf622d.jpg</filename>
	<path>119_jpg.rf.bdc1ab1ec71e0b6767df0bbfbdbf622d.jpg</path>
	<source>
		<database>roboflow.com</database>
	</source>
	<size>
		<width>640</width>
		<height>640</height>
		<depth>3</depth>
	</size>
	<segmented>0</segmented>
	<object>
		<name>Plate</name>
		<pose>Unspecified</pose>
		<truncated>0</truncated>
		<difficult>0</difficult>
		<occluded>0</occluded>
		<bndbox>
			<xmin>74</xmin>
			<xmax>539</xmax>
			<ymin>25</ymin>
			<ymax>561</ymax>
		</bndbox>
	</object>
</annotation>
