<annotation>
	<folder></folder>
	<filename>11_jpg.rf.958d2305cff0d653237fc777d170982b.jpg</filename>
	<path>11_jpg.rf.958d2305cff0d653237fc777d170982b.jpg</path>
	<source>
		<database>roboflow.com</database>
	</source>
	<size>
		<width>640</width>
		<height>640</height>
		<depth>3</depth>
	</size>
	<segmented>0</segmented>
	<object>
		<name>Plate</name>
		<pose>Unspecified</pose>
		<truncated>0</truncated>
		<difficult>0</difficult>
		<occluded>0</occluded>
		<bndbox>
			<xmin>141</xmin>
			<xmax>601</xmax>
			<ymin>52</ymin>
			<ymax>522</ymax>
		</bndbox>
	</object>
	<object>
		<name>Plate</name>
		<pose>Unspecified</pose>
		<truncated>0</truncated>
		<difficult>0</difficult>
		<occluded>0</occluded>
		<bndbox>
			<xmin>29</xmin>
			<xmax>515</xmax>
			<ymin>78</ymin>
			<ymax>641</ymax>
		</bndbox>
	</object>
</annotation>
