<annotation>
	<folder></folder>
	<filename>11_jpg.rf.ab9a8f8861c8c9ec2543f236d293a72a.jpg</filename>
	<path>11_jpg.rf.ab9a8f8861c8c9ec2543f236d293a72a.jpg</path>
	<source>
		<database>roboflow.com</database>
	</source>
	<size>
		<width>640</width>
		<height>640</height>
		<depth>3</depth>
	</size>
	<segmented>0</segmented>
	<object>
		<name>Plate</name>
		<pose>Unspecified</pose>
		<truncated>0</truncated>
		<difficult>0</difficult>
		<occluded>0</occluded>
		<bndbox>
			<xmin>52</xmin>
			<xmax>522</xmax>
			<ymin>42</ymin>
			<ymax>502</ymax>
		</bndbox>
	</object>
	<object>
		<name>Plate</name>
		<pose>Unspecified</pose>
		<truncated>0</truncated>
		<difficult>0</difficult>
		<occluded>0</occluded>
		<bndbox>
			<xmin>78</xmin>
			<xmax>641</xmax>
			<ymin>128</ymin>
			<ymax>614</ymax>
		</bndbox>
	</object>
</annotation>
