<annotation>
	<folder></folder>
	<filename>121_jpg.rf.1a462d2e12623b06720a9493729af25a.jpg</filename>
	<path>121_jpg.rf.1a462d2e12623b06720a9493729af25a.jpg</path>
	<source>
		<database>roboflow.com</database>
	</source>
	<size>
		<width>640</width>
		<height>640</height>
		<depth>3</depth>
	</size>
	<segmented>0</segmented>
	<object>
		<name>Plate</name>
		<pose>Unspecified</pose>
		<truncated>0</truncated>
		<difficult>0</difficult>
		<occluded>0</occluded>
		<bndbox>
			<xmin>187</xmin>
			<xmax>571</xmax>
			<ymin>1</ymin>
			<ymax>463</ymax>
		</bndbox>
	</object>
	<object>
		<name>Plate</name>
		<pose>Unspecified</pose>
		<truncated>0</truncated>
		<difficult>0</difficult>
		<occluded>0</occluded>
		<bndbox>
			<xmin>8</xmin>
			<xmax>348</xmax>
			<ymin>130</ymin>
			<ymax>566</ymax>
		</bndbox>
	</object>
</annotation>
