<annotation>
	<folder></folder>
	<filename>121_jpg.rf.36fbe56d1d2af9d2e624c6a8604c25c7.jpg</filename>
	<path>121_jpg.rf.36fbe56d1d2af9d2e624c6a8604c25c7.jpg</path>
	<source>
		<database>roboflow.com</database>
	</source>
	<size>
		<width>640</width>
		<height>640</height>
		<depth>3</depth>
	</size>
	<segmented>0</segmented>
	<object>
		<name>Plate</name>
		<pose>Unspecified</pose>
		<truncated>0</truncated>
		<difficult>0</difficult>
		<occluded>0</occluded>
		<bndbox>
			<xmin>1</xmin>
			<xmax>463</xmax>
			<ymin>71</ymin>
			<ymax>455</ymax>
		</bndbox>
	</object>
	<object>
		<name>Plate</name>
		<pose>Unspecified</pose>
		<truncated>0</truncated>
		<difficult>0</difficult>
		<occluded>0</occluded>
		<bndbox>
			<xmin>130</xmin>
			<xmax>566</xmax>
			<ymin>295</ymin>
			<ymax>635</ymax>
		</bndbox>
	</object>
</annotation>
