<annotation>
	<folder></folder>
	<filename>121_jpg.rf.c284ff666cfc08d7bedc3db79427e02a.jpg</filename>
	<path>121_jpg.rf.c284ff666cfc08d7bedc3db79427e02a.jpg</path>
	<source>
		<database>roboflow.com</database>
	</source>
	<size>
		<width>640</width>
		<height>640</height>
		<depth>3</depth>
	</size>
	<segmented>0</segmented>
	<object>
		<name>Plate</name>
		<pose>Unspecified</pose>
		<truncated>0</truncated>
		<difficult>0</difficult>
		<occluded>0</occluded>
		<bndbox>
			<xmin>1</xmin>
			<xmax>463</xmax>
			<ymin>187</ymin>
			<ymax>571</ymax>
		</bndbox>
	</object>
	<object>
		<name>Plate</name>
		<pose>Unspecified</pose>
		<truncated>0</truncated>
		<difficult>0</difficult>
		<occluded>0</occluded>
		<bndbox>
			<xmin>130</xmin>
			<xmax>566</xmax>
			<ymin>8</ymin>
			<ymax>348</ymax>
		</bndbox>
	</object>
</annotation>
