<annotation>
	<folder></folder>
	<filename>122_jpg.rf.df7d6dc6f5a30a22f9bd46d491c310f4.jpg</filename>
	<path>122_jpg.rf.df7d6dc6f5a30a22f9bd46d491c310f4.jpg</path>
	<source>
		<database>roboflow.com</database>
	</source>
	<size>
		<width>640</width>
		<height>640</height>
		<depth>3</depth>
	</size>
	<segmented>0</segmented>
	<object>
		<name>Plate</name>
		<pose>Unspecified</pose>
		<truncated>0</truncated>
		<difficult>0</difficult>
		<occluded>0</occluded>
		<bndbox>
			<xmin>32</xmin>
			<xmax>610</xmax>
			<ymin>17</ymin>
			<ymax>593</ymax>
		</bndbox>
	</object>
</annotation>
