<annotation>
	<folder></folder>
	<filename>122_jpg.rf.f476a5dc2f4b99856e475417d4f736f1.jpg</filename>
	<path>122_jpg.rf.f476a5dc2f4b99856e475417d4f736f1.jpg</path>
	<source>
		<database>roboflow.com</database>
	</source>
	<size>
		<width>640</width>
		<height>640</height>
		<depth>3</depth>
	</size>
	<segmented>0</segmented>
	<object>
		<name>Plate</name>
		<pose>Unspecified</pose>
		<truncated>0</truncated>
		<difficult>0</difficult>
		<occluded>0</occluded>
		<bndbox>
			<xmin>49</xmin>
			<xmax>625</xmax>
			<ymin>32</ymin>
			<ymax>610</ymax>
		</bndbox>
	</object>
</annotation>
