<annotation>
	<folder></folder>
	<filename>124_jpg.rf.39895d88930a51e349559022a46fe093.jpg</filename>
	<path>124_jpg.rf.39895d88930a51e349559022a46fe093.jpg</path>
	<source>
		<database>roboflow.com</database>
	</source>
	<size>
		<width>640</width>
		<height>640</height>
		<depth>3</depth>
	</size>
	<segmented>0</segmented>
	<object>
		<name>Plate</name>
		<pose>Unspecified</pose>
		<truncated>0</truncated>
		<difficult>0</difficult>
		<occluded>0</occluded>
		<bndbox>
			<xmin>1</xmin>
			<xmax>363</xmax>
			<ymin>133</ymin>
			<ymax>523</ymax>
		</bndbox>
	</object>
	<object>
		<name>Plate</name>
		<pose>Unspecified</pose>
		<truncated>0</truncated>
		<difficult>0</difficult>
		<occluded>0</occluded>
		<bndbox>
			<xmin>341</xmin>
			<xmax>641</xmax>
			<ymin>10</ymin>
			<ymax>336</ymax>
		</bndbox>
	</object>
	<object>
		<name>Plate</name>
		<pose>Unspecified</pose>
		<truncated>0</truncated>
		<difficult>0</difficult>
		<occluded>0</occluded>
		<bndbox>
			<xmin>338</xmin>
			<xmax>641</xmax>
			<ymin>309</ymin>
			<ymax>641</ymax>
		</bndbox>
	</object>
</annotation>
