<annotation>
	<folder></folder>
	<filename>124_jpg.rf.db7865c3781fde36e2ddd3d46b3fbc7a.jpg</filename>
	<path>124_jpg.rf.db7865c3781fde36e2ddd3d46b3fbc7a.jpg</path>
	<source>
		<database>roboflow.com</database>
	</source>
	<size>
		<width>640</width>
		<height>640</height>
		<depth>3</depth>
	</size>
	<segmented>0</segmented>
	<object>
		<name>Plate</name>
		<pose>Unspecified</pose>
		<truncated>0</truncated>
		<difficult>0</difficult>
		<occluded>0</occluded>
		<bndbox>
			<xmin>279</xmin>
			<xmax>641</xmax>
			<ymin>120</ymin>
			<ymax>510</ymax>
		</bndbox>
	</object>
	<object>
		<name>Plate</name>
		<pose>Unspecified</pose>
		<truncated>0</truncated>
		<difficult>0</difficult>
		<occluded>0</occluded>
		<bndbox>
			<xmin>1</xmin>
			<xmax>301</xmax>
			<ymin>307</ymin>
			<ymax>633</ymax>
		</bndbox>
	</object>
	<object>
		<name>Plate</name>
		<pose>Unspecified</pose>
		<truncated>0</truncated>
		<difficult>0</difficult>
		<occluded>0</occluded>
		<bndbox>
			<xmin>1</xmin>
			<xmax>304</xmax>
			<ymin>1</ymin>
			<ymax>333</ymax>
		</bndbox>
	</object>
</annotation>
