<annotation>
	<folder></folder>
	<filename>125_jpg.rf.c10100cde2e4108f9335c6a9aa34c314.jpg</filename>
	<path>125_jpg.rf.c10100cde2e4108f9335c6a9aa34c314.jpg</path>
	<source>
		<database>roboflow.com</database>
	</source>
	<size>
		<width>640</width>
		<height>640</height>
		<depth>3</depth>
	</size>
	<segmented>0</segmented>
	<object>
		<name>Plate</name>
		<pose>Unspecified</pose>
		<truncated>0</truncated>
		<difficult>0</difficult>
		<occluded>0</occluded>
		<bndbox>
			<xmin>98</xmin>
			<xmax>569</xmax>
			<ymin>333</ymin>
			<ymax>601</ymax>
		</bndbox>
	</object>
	<object>
		<name>Plate</name>
		<pose>Unspecified</pose>
		<truncated>0</truncated>
		<difficult>0</difficult>
		<occluded>0</occluded>
		<bndbox>
			<xmin>86</xmin>
			<xmax>583</xmax>
			<ymin>33</ymin>
			<ymax>323</ymax>
		</bndbox>
	</object>
</annotation>
