<annotation>
	<folder></folder>
	<filename>125_jpg.rf.8463714fc6ee2f23697034a7af9aa32b.jpg</filename>
	<path>125_jpg.rf.8463714fc6ee2f23697034a7af9aa32b.jpg</path>
	<source>
		<database>roboflow.com</database>
	</source>
	<size>
		<width>640</width>
		<height>640</height>
		<depth>3</depth>
	</size>
	<segmented>0</segmented>
	<object>
		<name>Plate</name>
		<pose>Unspecified</pose>
		<truncated>0</truncated>
		<difficult>0</difficult>
		<occluded>0</occluded>
		<bndbox>
			<xmin>98</xmin>
			<xmax>569</xmax>
			<ymin>41</ymin>
			<ymax>309</ymax>
		</bndbox>
	</object>
	<object>
		<name>Plate</name>
		<pose>Unspecified</pose>
		<truncated>0</truncated>
		<difficult>0</difficult>
		<occluded>0</occluded>
		<bndbox>
			<xmin>86</xmin>
			<xmax>583</xmax>
			<ymin>319</ymin>
			<ymax>609</ymax>
		</bndbox>
	</object>
</annotation>
