<annotation>
	<folder></folder>
	<filename>125_jpg.rf.6019dd85f6f3d559146e6bb284f54cb3.jpg</filename>
	<path>125_jpg.rf.6019dd85f6f3d559146e6bb284f54cb3.jpg</path>
	<source>
		<database>roboflow.com</database>
	</source>
	<size>
		<width>640</width>
		<height>640</height>
		<depth>3</depth>
	</size>
	<segmented>0</segmented>
	<object>
		<name>Plate</name>
		<pose>Unspecified</pose>
		<truncated>0</truncated>
		<difficult>0</difficult>
		<occluded>0</occluded>
		<bndbox>
			<xmin>74</xmin>
			<xmax>545</xmax>
			<ymin>41</ymin>
			<ymax>309</ymax>
		</bndbox>
	</object>
	<object>
		<name>Plate</name>
		<pose>Unspecified</pose>
		<truncated>0</truncated>
		<difficult>0</difficult>
		<occluded>0</occluded>
		<bndbox>
			<xmin>59</xmin>
			<xmax>556</xmax>
			<ymin>319</ymin>
			<ymax>609</ymax>
		</bndbox>
	</object>
</annotation>
