<annotation>
	<folder></folder>
	<filename>127_jpg.rf.606dfc851965a3b513f49b77f0445a01.jpg</filename>
	<path>127_jpg.rf.606dfc851965a3b513f49b77f0445a01.jpg</path>
	<source>
		<database>roboflow.com</database>
	</source>
	<size>
		<width>640</width>
		<height>640</height>
		<depth>3</depth>
	</size>
	<segmented>0</segmented>
	<object>
		<name>Plate</name>
		<pose>Unspecified</pose>
		<truncated>0</truncated>
		<difficult>0</difficult>
		<occluded>0</occluded>
		<bndbox>
			<xmin>216</xmin>
			<xmax>512</xmax>
			<ymin>281</ymin>
			<ymax>620</ymax>
		</bndbox>
	</object>
	<object>
		<name>Plate</name>
		<pose>Unspecified</pose>
		<truncated>0</truncated>
		<difficult>0</difficult>
		<occluded>0</occluded>
		<bndbox>
			<xmin>461</xmin>
			<xmax>603</xmax>
			<ymin>116</ymin>
			<ymax>461</ymax>
		</bndbox>
	</object>
</annotation>
