<annotation>
	<folder></folder>
	<filename>127_jpg.rf.272b1e235e2542a1a216e94214d9ab5c.jpg</filename>
	<path>127_jpg.rf.272b1e235e2542a1a216e94214d9ab5c.jpg</path>
	<source>
		<database>roboflow.com</database>
	</source>
	<size>
		<width>640</width>
		<height>640</height>
		<depth>3</depth>
	</size>
	<segmented>0</segmented>
	<object>
		<name>Plate</name>
		<pose>Unspecified</pose>
		<truncated>0</truncated>
		<difficult>0</difficult>
		<occluded>0</occluded>
		<bndbox>
			<xmin>131</xmin>
			<xmax>427</xmax>
			<ymin>23</ymin>
			<ymax>362</ymax>
		</bndbox>
	</object>
	<object>
		<name>Plate</name>
		<pose>Unspecified</pose>
		<truncated>0</truncated>
		<difficult>0</difficult>
		<occluded>0</occluded>
		<bndbox>
			<xmin>40</xmin>
			<xmax>182</xmax>
			<ymin>181</ymin>
			<ymax>526</ymax>
		</bndbox>
	</object>
</annotation>
