<annotation>
	<folder></folder>
	<filename>127_jpg.rf.ef322b0676cd8f85777f4e62546adc75.jpg</filename>
	<path>127_jpg.rf.ef322b0676cd8f85777f4e62546adc75.jpg</path>
	<source>
		<database>roboflow.com</database>
	</source>
	<size>
		<width>640</width>
		<height>640</height>
		<depth>3</depth>
	</size>
	<segmented>0</segmented>
	<object>
		<name>Plate</name>
		<pose>Unspecified</pose>
		<truncated>0</truncated>
		<difficult>0</difficult>
		<occluded>0</occluded>
		<bndbox>
			<xmin>216</xmin>
			<xmax>512</xmax>
			<ymin>23</ymin>
			<ymax>362</ymax>
		</bndbox>
	</object>
	<object>
		<name>Plate</name>
		<pose>Unspecified</pose>
		<truncated>0</truncated>
		<difficult>0</difficult>
		<occluded>0</occluded>
		<bndbox>
			<xmin>461</xmin>
			<xmax>603</xmax>
			<ymin>181</ymin>
			<ymax>526</ymax>
		</bndbox>
	</object>
</annotation>
