<annotation>
	<folder></folder>
	<filename>129_jpg.rf.295ff5ba8c8d65b3d92268dbf0fefa86.jpg</filename>
	<path>129_jpg.rf.295ff5ba8c8d65b3d92268dbf0fefa86.jpg</path>
	<source>
		<database>roboflow.com</database>
	</source>
	<size>
		<width>640</width>
		<height>640</height>
		<depth>3</depth>
	</size>
	<segmented>0</segmented>
	<object>
		<name>Plate</name>
		<pose>Unspecified</pose>
		<truncated>0</truncated>
		<difficult>0</difficult>
		<occluded>0</occluded>
		<bndbox>
			<xmin>197</xmin>
			<xmax>515</xmax>
			<ymin>31</ymin>
			<ymax>251</ymax>
		</bndbox>
	</object>
	<object>
		<name>Plate</name>
		<pose>Unspecified</pose>
		<truncated>0</truncated>
		<difficult>0</difficult>
		<occluded>0</occluded>
		<bndbox>
			<xmin>189</xmin>
			<xmax>482</xmax>
			<ymin>104</ymin>
			<ymax>293</ymax>
		</bndbox>
	</object>
	<object>
		<name>Plate</name>
		<pose>Unspecified</pose>
		<truncated>0</truncated>
		<difficult>0</difficult>
		<occluded>0</occluded>
		<bndbox>
			<xmin>169</xmin>
			<xmax>482</xmax>
			<ymin>186</ymin>
			<ymax>343</ymax>
		</bndbox>
	</object>
	<object>
		<name>Plate</name>
		<pose>Unspecified</pose>
		<truncated>0</truncated>
		<difficult>0</difficult>
		<occluded>0</occluded>
		<bndbox>
			<xmin>149</xmin>
			<xmax>522</xmax>
			<ymin>230</ymin>
			<ymax>462</ymax>
		</bndbox>
	</object>
</annotation>
