<annotation>
	<folder></folder>
	<filename>129_jpg.rf.0d5382e56d8afdb9861406085f4c2dd9.jpg</filename>
	<path>129_jpg.rf.0d5382e56d8afdb9861406085f4c2dd9.jpg</path>
	<source>
		<database>roboflow.com</database>
	</source>
	<size>
		<width>640</width>
		<height>640</height>
		<depth>3</depth>
	</size>
	<segmented>0</segmented>
	<object>
		<name>Plate</name>
		<pose>Unspecified</pose>
		<truncated>0</truncated>
		<difficult>0</difficult>
		<occluded>0</occluded>
		<bndbox>
			<xmin>392</xmin>
			<xmax>612</xmax>
			<ymin>197</ymin>
			<ymax>515</ymax>
		</bndbox>
	</object>
	<object>
		<name>Plate</name>
		<pose>Unspecified</pose>
		<truncated>0</truncated>
		<difficult>0</difficult>
		<occluded>0</occluded>
		<bndbox>
			<xmin>350</xmin>
			<xmax>539</xmax>
			<ymin>189</ymin>
			<ymax>482</ymax>
		</bndbox>
	</object>
	<object>
		<name>Plate</name>
		<pose>Unspecified</pose>
		<truncated>0</truncated>
		<difficult>0</difficult>
		<occluded>0</occluded>
		<bndbox>
			<xmin>300</xmin>
			<xmax>457</xmax>
			<ymin>169</ymin>
			<ymax>482</ymax>
		</bndbox>
	</object>
	<object>
		<name>Plate</name>
		<pose>Unspecified</pose>
		<truncated>0</truncated>
		<difficult>0</difficult>
		<occluded>0</occluded>
		<bndbox>
			<xmin>181</xmin>
			<xmax>413</xmax>
			<ymin>149</ymin>
			<ymax>522</ymax>
		</bndbox>
	</object>
</annotation>
