<annotation>
	<folder></folder>
	<filename>130_jpg.rf.5b59fe390ad59f16bfc61348fb7bfb33.jpg</filename>
	<path>130_jpg.rf.5b59fe390ad59f16bfc61348fb7bfb33.jpg</path>
	<source>
		<database>roboflow.com</database>
	</source>
	<size>
		<width>640</width>
		<height>640</height>
		<depth>3</depth>
	</size>
	<segmented>0</segmented>
	<object>
		<name>Plate</name>
		<pose>Unspecified</pose>
		<truncated>0</truncated>
		<difficult>0</difficult>
		<occluded>0</occluded>
		<bndbox>
			<xmin>74</xmin>
			<xmax>357</xmax>
			<ymin>221</ymin>
			<ymax>547</ymax>
		</bndbox>
	</object>
</annotation>
