<annotation>
	<folder></folder>
	<filename>130_jpg.rf.90f979579bb7f41a95f0bcc904fc3cfb.jpg</filename>
	<path>130_jpg.rf.90f979579bb7f41a95f0bcc904fc3cfb.jpg</path>
	<source>
		<database>roboflow.com</database>
	</source>
	<size>
		<width>640</width>
		<height>640</height>
		<depth>3</depth>
	</size>
	<segmented>0</segmented>
	<object>
		<name>Plate</name>
		<pose>Unspecified</pose>
		<truncated>0</truncated>
		<difficult>0</difficult>
		<occluded>0</occluded>
		<bndbox>
			<xmin>286</xmin>
			<xmax>569</xmax>
			<ymin>221</ymin>
			<ymax>547</ymax>
		</bndbox>
	</object>
</annotation>
