<annotation>
	<folder></folder>
	<filename>131_jpg.rf.3af75004aebed5ed55bcfb73e9915aa2.jpg</filename>
	<path>131_jpg.rf.3af75004aebed5ed55bcfb73e9915aa2.jpg</path>
	<source>
		<database>roboflow.com</database>
	</source>
	<size>
		<width>640</width>
		<height>640</height>
		<depth>3</depth>
	</size>
	<segmented>0</segmented>
	<object>
		<name>Plate</name>
		<pose>Unspecified</pose>
		<truncated>0</truncated>
		<difficult>0</difficult>
		<occluded>0</occluded>
		<bndbox>
			<xmin>48</xmin>
			<xmax>393</xmax>
			<ymin>47</ymin>
			<ymax>545</ymax>
		</bndbox>
	</object>
	<object>
		<name>Plate</name>
		<pose>Unspecified</pose>
		<truncated>0</truncated>
		<difficult>0</difficult>
		<occluded>0</occluded>
		<bndbox>
			<xmin>383</xmin>
			<xmax>606</xmax>
			<ymin>19</ymin>
			<ymax>555</ymax>
		</bndbox>
	</object>
</annotation>
