<annotation>
	<folder></folder>
	<filename>131_jpg.rf.f2480e39331bf8c32eae8e8c4b632ac6.jpg</filename>
	<path>131_jpg.rf.f2480e39331bf8c32eae8e8c4b632ac6.jpg</path>
	<source>
		<database>roboflow.com</database>
	</source>
	<size>
		<width>640</width>
		<height>640</height>
		<depth>3</depth>
	</size>
	<segmented>0</segmented>
	<object>
		<name>Plate</name>
		<pose>Unspecified</pose>
		<truncated>0</truncated>
		<difficult>0</difficult>
		<occluded>0</occluded>
		<bndbox>
			<xmin>98</xmin>
			<xmax>596</xmax>
			<ymin>48</ymin>
			<ymax>393</ymax>
		</bndbox>
	</object>
	<object>
		<name>Plate</name>
		<pose>Unspecified</pose>
		<truncated>0</truncated>
		<difficult>0</difficult>
		<occluded>0</occluded>
		<bndbox>
			<xmin>87</xmin>
			<xmax>623</xmax>
			<ymin>383</ymin>
			<ymax>606</ymax>
		</bndbox>
	</object>
</annotation>
