<annotation>
	<folder></folder>
	<filename>131_jpg.rf.1c1bd057172ef7e4c1eb03c5d535c979.jpg</filename>
	<path>131_jpg.rf.1c1bd057172ef7e4c1eb03c5d535c979.jpg</path>
	<source>
		<database>roboflow.com</database>
	</source>
	<size>
		<width>640</width>
		<height>640</height>
		<depth>3</depth>
	</size>
	<segmented>0</segmented>
	<object>
		<name>Plate</name>
		<pose>Unspecified</pose>
		<truncated>0</truncated>
		<difficult>0</difficult>
		<occluded>0</occluded>
		<bndbox>
			<xmin>47</xmin>
			<xmax>545</xmax>
			<ymin>48</ymin>
			<ymax>393</ymax>
		</bndbox>
	</object>
	<object>
		<name>Plate</name>
		<pose>Unspecified</pose>
		<truncated>0</truncated>
		<difficult>0</difficult>
		<occluded>0</occluded>
		<bndbox>
			<xmin>19</xmin>
			<xmax>555</xmax>
			<ymin>383</ymin>
			<ymax>606</ymax>
		</bndbox>
	</object>
</annotation>
