<annotation>
	<folder></folder>
	<filename>132_jpg.rf.faca9a8122fae25186c4156dc5f5f46f.jpg</filename>
	<path>132_jpg.rf.faca9a8122fae25186c4156dc5f5f46f.jpg</path>
	<source>
		<database>roboflow.com</database>
	</source>
	<size>
		<width>640</width>
		<height>640</height>
		<depth>3</depth>
	</size>
	<segmented>0</segmented>
	<object>
		<name>Plate</name>
		<pose>Unspecified</pose>
		<truncated>0</truncated>
		<difficult>0</difficult>
		<occluded>0</occluded>
		<bndbox>
			<xmin>136</xmin>
			<xmax>562</xmax>
			<ymin>19</ymin>
			<ymax>619</ymax>
		</bndbox>
	</object>
	<object>
		<name>Plate</name>
		<pose>Unspecified</pose>
		<truncated>0</truncated>
		<difficult>0</difficult>
		<occluded>0</occluded>
		<bndbox>
			<xmin>1</xmin>
			<xmax>115</xmax>
			<ymin>181</ymin>
			<ymax>641</ymax>
		</bndbox>
	</object>
</annotation>
