<annotation>
	<folder></folder>
	<filename>132_jpg.rf.405010e0206053b6c0790331f37c7a2d.jpg</filename>
	<path>132_jpg.rf.405010e0206053b6c0790331f37c7a2d.jpg</path>
	<source>
		<database>roboflow.com</database>
	</source>
	<size>
		<width>640</width>
		<height>640</height>
		<depth>3</depth>
	</size>
	<segmented>0</segmented>
	<object>
		<name>Plate</name>
		<pose>Unspecified</pose>
		<truncated>0</truncated>
		<difficult>0</difficult>
		<occluded>0</occluded>
		<bndbox>
			<xmin>136</xmin>
			<xmax>562</xmax>
			<ymin>23</ymin>
			<ymax>623</ymax>
		</bndbox>
	</object>
	<object>
		<name>Plate</name>
		<pose>Unspecified</pose>
		<truncated>0</truncated>
		<difficult>0</difficult>
		<occluded>0</occluded>
		<bndbox>
			<xmin>1</xmin>
			<xmax>115</xmax>
			<ymin>1</ymin>
			<ymax>461</ymax>
		</bndbox>
	</object>
</annotation>
