<annotation>
	<folder></folder>
	<filename>132_jpg.rf.24ce553e45da9e2d519f27c5403d5171.jpg</filename>
	<path>132_jpg.rf.24ce553e45da9e2d519f27c5403d5171.jpg</path>
	<source>
		<database>roboflow.com</database>
	</source>
	<size>
		<width>640</width>
		<height>640</height>
		<depth>3</depth>
	</size>
	<segmented>0</segmented>
	<object>
		<name>Plate</name>
		<pose>Unspecified</pose>
		<truncated>0</truncated>
		<difficult>0</difficult>
		<occluded>0</occluded>
		<bndbox>
			<xmin>23</xmin>
			<xmax>623</xmax>
			<ymin>136</ymin>
			<ymax>562</ymax>
		</bndbox>
	</object>
	<object>
		<name>Plate</name>
		<pose>Unspecified</pose>
		<truncated>0</truncated>
		<difficult>0</difficult>
		<occluded>0</occluded>
		<bndbox>
			<xmin>1</xmin>
			<xmax>461</xmax>
			<ymin>1</ymin>
			<ymax>115</ymax>
		</bndbox>
	</object>
</annotation>
