<annotation>
	<folder></folder>
	<filename>133_jpg.rf.d5f8ed61fbea53d23d33512ace6bed08.jpg</filename>
	<path>133_jpg.rf.d5f8ed61fbea53d23d33512ace6bed08.jpg</path>
	<source>
		<database>roboflow.com</database>
	</source>
	<size>
		<width>640</width>
		<height>640</height>
		<depth>3</depth>
	</size>
	<segmented>0</segmented>
	<object>
		<name>Plate</name>
		<pose>Unspecified</pose>
		<truncated>0</truncated>
		<difficult>0</difficult>
		<occluded>0</occluded>
		<bndbox>
			<xmin>42</xmin>
			<xmax>570</xmax>
			<ymin>245</ymin>
			<ymax>503</ymax>
		</bndbox>
	</object>
</annotation>
