<annotation>
	<folder></folder>
	<filename>133_jpg.rf.d1133fffb6712026b3e8373237b759f1.jpg</filename>
	<path>133_jpg.rf.d1133fffb6712026b3e8373237b759f1.jpg</path>
	<source>
		<database>roboflow.com</database>
	</source>
	<size>
		<width>640</width>
		<height>640</height>
		<depth>3</depth>
	</size>
	<segmented>0</segmented>
	<object>
		<name>Plate</name>
		<pose>Unspecified</pose>
		<truncated>0</truncated>
		<difficult>0</difficult>
		<occluded>0</occluded>
		<bndbox>
			<xmin>245</xmin>
			<xmax>503</xmax>
			<ymin>42</ymin>
			<ymax>570</ymax>
		</bndbox>
	</object>
</annotation>
