<annotation>
	<folder></folder>
	<filename>134_jpg.rf.e5db4abfc66c4eba1edf4bbdaebf2492.jpg</filename>
	<path>134_jpg.rf.e5db4abfc66c4eba1edf4bbdaebf2492.jpg</path>
	<source>
		<database>roboflow.com</database>
	</source>
	<size>
		<width>640</width>
		<height>640</height>
		<depth>3</depth>
	</size>
	<segmented>0</segmented>
	<object>
		<name>Plate</name>
		<pose>Unspecified</pose>
		<truncated>0</truncated>
		<difficult>0</difficult>
		<occluded>0</occluded>
		<bndbox>
			<xmin>306</xmin>
			<xmax>631</xmax>
			<ymin>168</ymin>
			<ymax>522</ymax>
		</bndbox>
	</object>
	<object>
		<name>Plate</name>
		<pose>Unspecified</pose>
		<truncated>0</truncated>
		<difficult>0</difficult>
		<occluded>0</occluded>
		<bndbox>
			<xmin>311</xmin>
			<xmax>608</xmax>
			<ymin>453</ymin>
			<ymax>593</ymax>
		</bndbox>
	</object>
	<object>
		<name>Plate</name>
		<pose>Unspecified</pose>
		<truncated>0</truncated>
		<difficult>0</difficult>
		<occluded>0</occluded>
		<bndbox>
			<xmin>2</xmin>
			<xmax>308</xmax>
			<ymin>336</ymin>
			<ymax>566</ymax>
		</bndbox>
	</object>
</annotation>
