<annotation>
	<folder></folder>
	<filename>134_jpg.rf.8238ac9a34c8cc717fac99f5119549a1.jpg</filename>
	<path>134_jpg.rf.8238ac9a34c8cc717fac99f5119549a1.jpg</path>
	<source>
		<database>roboflow.com</database>
	</source>
	<size>
		<width>640</width>
		<height>640</height>
		<depth>3</depth>
	</size>
	<segmented>0</segmented>
	<object>
		<name>Plate</name>
		<pose>Unspecified</pose>
		<truncated>0</truncated>
		<difficult>0</difficult>
		<occluded>0</occluded>
		<bndbox>
			<xmin>12</xmin>
			<xmax>337</xmax>
			<ymin>168</ymin>
			<ymax>522</ymax>
		</bndbox>
	</object>
	<object>
		<name>Plate</name>
		<pose>Unspecified</pose>
		<truncated>0</truncated>
		<difficult>0</difficult>
		<occluded>0</occluded>
		<bndbox>
			<xmin>35</xmin>
			<xmax>332</xmax>
			<ymin>453</ymin>
			<ymax>593</ymax>
		</bndbox>
	</object>
	<object>
		<name>Plate</name>
		<pose>Unspecified</pose>
		<truncated>0</truncated>
		<difficult>0</difficult>
		<occluded>0</occluded>
		<bndbox>
			<xmin>334</xmin>
			<xmax>640</xmax>
			<ymin>336</ymin>
			<ymax>566</ymax>
		</bndbox>
	</object>
</annotation>
