<annotation>
	<folder></folder>
	<filename>136_jpg.rf.313f9c136feb5192676dcb53792da1a5.jpg</filename>
	<path>136_jpg.rf.313f9c136feb5192676dcb53792da1a5.jpg</path>
	<source>
		<database>roboflow.com</database>
	</source>
	<size>
		<width>640</width>
		<height>640</height>
		<depth>3</depth>
	</size>
	<segmented>0</segmented>
	<object>
		<name>Plate</name>
		<pose>Unspecified</pose>
		<truncated>0</truncated>
		<difficult>0</difficult>
		<occluded>0</occluded>
		<bndbox>
			<xmin>58</xmin>
			<xmax>544</xmax>
			<ymin>85</ymin>
			<ymax>479</ymax>
		</bndbox>
	</object>
	<object>
		<name>Plate</name>
		<pose>Unspecified</pose>
		<truncated>0</truncated>
		<difficult>0</difficult>
		<occluded>0</occluded>
		<bndbox>
			<xmin>193</xmin>
			<xmax>515</xmax>
			<ymin>305</ymin>
			<ymax>629</ymax>
		</bndbox>
	</object>
</annotation>
