<annotation>
	<folder></folder>
	<filename>136_jpg.rf.2da89772af5ddc6fbdd0362c8abe42e4.jpg</filename>
	<path>136_jpg.rf.2da89772af5ddc6fbdd0362c8abe42e4.jpg</path>
	<source>
		<database>roboflow.com</database>
	</source>
	<size>
		<width>640</width>
		<height>640</height>
		<depth>3</depth>
	</size>
	<segmented>0</segmented>
	<object>
		<name>Plate</name>
		<pose>Unspecified</pose>
		<truncated>0</truncated>
		<difficult>0</difficult>
		<occluded>0</occluded>
		<bndbox>
			<xmin>99</xmin>
			<xmax>585</xmax>
			<ymin>163</ymin>
			<ymax>557</ymax>
		</bndbox>
	</object>
	<object>
		<name>Plate</name>
		<pose>Unspecified</pose>
		<truncated>0</truncated>
		<difficult>0</difficult>
		<occluded>0</occluded>
		<bndbox>
			<xmin>128</xmin>
			<xmax>450</xmax>
			<ymin>13</ymin>
			<ymax>337</ymax>
		</bndbox>
	</object>
</annotation>
