<annotation>
	<folder></folder>
	<filename>136_jpg.rf.6e4552917787a967687fb2b91284a403.jpg</filename>
	<path>136_jpg.rf.6e4552917787a967687fb2b91284a403.jpg</path>
	<source>
		<database>roboflow.com</database>
	</source>
	<size>
		<width>640</width>
		<height>640</height>
		<depth>3</depth>
	</size>
	<segmented>0</segmented>
	<object>
		<name>Plate</name>
		<pose>Unspecified</pose>
		<truncated>0</truncated>
		<difficult>0</difficult>
		<occluded>0</occluded>
		<bndbox>
			<xmin>85</xmin>
			<xmax>479</xmax>
			<ymin>58</ymin>
			<ymax>544</ymax>
		</bndbox>
	</object>
	<object>
		<name>Plate</name>
		<pose>Unspecified</pose>
		<truncated>0</truncated>
		<difficult>0</difficult>
		<occluded>0</occluded>
		<bndbox>
			<xmin>305</xmin>
			<xmax>629</xmax>
			<ymin>193</ymin>
			<ymax>515</ymax>
		</bndbox>
	</object>
</annotation>
