<annotation>
	<folder></folder>
	<filename>137_jpg.rf.f9f4e33ae5e564eb9a0c5fb7cfe333c7.jpg</filename>
	<path>137_jpg.rf.f9f4e33ae5e564eb9a0c5fb7cfe333c7.jpg</path>
	<source>
		<database>roboflow.com</database>
	</source>
	<size>
		<width>640</width>
		<height>640</height>
		<depth>3</depth>
	</size>
	<segmented>0</segmented>
	<object>
		<name>Plate</name>
		<pose>Unspecified</pose>
		<truncated>0</truncated>
		<difficult>0</difficult>
		<occluded>0</occluded>
		<bndbox>
			<xmin>301</xmin>
			<xmax>410</xmax>
			<ymin>264</ymin>
			<ymax>394</ymax>
		</bndbox>
	</object>
	<object>
		<name>Plate</name>
		<pose>Unspecified</pose>
		<truncated>0</truncated>
		<difficult>0</difficult>
		<occluded>0</occluded>
		<bndbox>
			<xmin>39</xmin>
			<xmax>270</xmax>
			<ymin>42</ymin>
			<ymax>206</ymax>
		</bndbox>
	</object>
	<object>
		<name>Plate</name>
		<pose>Unspecified</pose>
		<truncated>0</truncated>
		<difficult>0</difficult>
		<occluded>0</occluded>
		<bndbox>
			<xmin>20</xmin>
			<xmax>257</xmax>
			<ymin>1</ymin>
			<ymax>115</ymax>
		</bndbox>
	</object>
</annotation>
