<annotation>
	<folder></folder>
	<filename>138_jpg.rf.9919d8d1426e1910539e546f64258f24.jpg</filename>
	<path>138_jpg.rf.9919d8d1426e1910539e546f64258f24.jpg</path>
	<source>
		<database>roboflow.com</database>
	</source>
	<size>
		<width>640</width>
		<height>640</height>
		<depth>3</depth>
	</size>
	<segmented>0</segmented>
	<object>
		<name>Plate</name>
		<pose>Unspecified</pose>
		<truncated>0</truncated>
		<difficult>0</difficult>
		<occluded>0</occluded>
		<bndbox>
			<xmin>1</xmin>
			<xmax>618</xmax>
			<ymin>43</ymin>
			<ymax>552</ymax>
		</bndbox>
	</object>
</annotation>
