<annotation>
	<folder></folder>
	<filename>138_jpg.rf.97c020d4ca2459793213a4f51f7ce68f.jpg</filename>
	<path>138_jpg.rf.97c020d4ca2459793213a4f51f7ce68f.jpg</path>
	<source>
		<database>roboflow.com</database>
	</source>
	<size>
		<width>640</width>
		<height>640</height>
		<depth>3</depth>
	</size>
	<segmented>0</segmented>
	<object>
		<name>Plate</name>
		<pose>Unspecified</pose>
		<truncated>0</truncated>
		<difficult>0</difficult>
		<occluded>0</occluded>
		<bndbox>
			<xmin>24</xmin>
			<xmax>641</xmax>
			<ymin>90</ymin>
			<ymax>599</ymax>
		</bndbox>
	</object>
</annotation>
