<annotation>
	<folder></folder>
	<filename>139_jpg.rf.59bf74f104a0c5979bc460fc0166ff9f.jpg</filename>
	<path>139_jpg.rf.59bf74f104a0c5979bc460fc0166ff9f.jpg</path>
	<source>
		<database>roboflow.com</database>
	</source>
	<size>
		<width>640</width>
		<height>640</height>
		<depth>3</depth>
	</size>
	<segmented>0</segmented>
	<object>
		<name>Plate</name>
		<pose>Unspecified</pose>
		<truncated>0</truncated>
		<difficult>0</difficult>
		<occluded>0</occluded>
		<bndbox>
			<xmin>160</xmin>
			<xmax>426</xmax>
			<ymin>171</ymin>
			<ymax>467</ymax>
		</bndbox>
	</object>
	<object>
		<name>Plate</name>
		<pose>Unspecified</pose>
		<truncated>0</truncated>
		<difficult>0</difficult>
		<occluded>0</occluded>
		<bndbox>
			<xmin>89</xmin>
			<xmax>453</xmax>
			<ymin>122</ymin>
			<ymax>534</ymax>
		</bndbox>
	</object>
	<object>
		<name>Plate</name>
		<pose>Unspecified</pose>
		<truncated>0</truncated>
		<difficult>0</difficult>
		<occluded>0</occluded>
		<bndbox>
			<xmin>381</xmin>
			<xmax>552</xmax>
			<ymin>13</ymin>
			<ymax>243</ymax>
		</bndbox>
	</object>
	<object>
		<name>Plate</name>
		<pose>Unspecified</pose>
		<truncated>0</truncated>
		<difficult>0</difficult>
		<occluded>0</occluded>
		<bndbox>
			<xmin>338</xmin>
			<xmax>558</xmax>
			<ymin>566</ymin>
			<ymax>641</ymax>
		</bndbox>
	</object>
</annotation>
