<annotation>
	<folder></folder>
	<filename>13_jpg.rf.6081008fa1548f4321211e8560f442e5.jpg</filename>
	<path>13_jpg.rf.6081008fa1548f4321211e8560f442e5.jpg</path>
	<source>
		<database>roboflow.com</database>
	</source>
	<size>
		<width>640</width>
		<height>640</height>
		<depth>3</depth>
	</size>
	<segmented>0</segmented>
	<object>
		<name>Plate</name>
		<pose>Unspecified</pose>
		<truncated>0</truncated>
		<difficult>0</difficult>
		<occluded>0</occluded>
		<bndbox>
			<xmin>46</xmin>
			<xmax>539</xmax>
			<ymin>261</ymin>
			<ymax>591</ymax>
		</bndbox>
	</object>
</annotation>
