<annotation>
	<folder></folder>
	<filename>13_jpg.rf.46c9d8e7a9b3a3b60a12b7d199323f0b.jpg</filename>
	<path>13_jpg.rf.46c9d8e7a9b3a3b60a12b7d199323f0b.jpg</path>
	<source>
		<database>roboflow.com</database>
	</source>
	<size>
		<width>640</width>
		<height>640</height>
		<depth>3</depth>
	</size>
	<segmented>0</segmented>
	<object>
		<name>Plate</name>
		<pose>Unspecified</pose>
		<truncated>0</truncated>
		<difficult>0</difficult>
		<occluded>0</occluded>
		<bndbox>
			<xmin>52</xmin>
			<xmax>382</xmax>
			<ymin>46</ymin>
			<ymax>539</ymax>
		</bndbox>
	</object>
</annotation>
