<annotation>
	<folder></folder>
	<filename>13_jpg.rf.17fb57f13315fa480b4062d000ccd046.jpg</filename>
	<path>13_jpg.rf.17fb57f13315fa480b4062d000ccd046.jpg</path>
	<source>
		<database>roboflow.com</database>
	</source>
	<size>
		<width>640</width>
		<height>640</height>
		<depth>3</depth>
	</size>
	<segmented>0</segmented>
	<object>
		<name>Plate</name>
		<pose>Unspecified</pose>
		<truncated>0</truncated>
		<difficult>0</difficult>
		<occluded>0</occluded>
		<bndbox>
			<xmin>52</xmin>
			<xmax>382</xmax>
			<ymin>104</ymin>
			<ymax>597</ymax>
		</bndbox>
	</object>
</annotation>
