<annotation>
	<folder></folder>
	<filename>140_jpg.rf.e80d481905626d8461c8d4eb06e8edd0.jpg</filename>
	<path>140_jpg.rf.e80d481905626d8461c8d4eb06e8edd0.jpg</path>
	<source>
		<database>roboflow.com</database>
	</source>
	<size>
		<width>640</width>
		<height>640</height>
		<depth>3</depth>
	</size>
	<segmented>0</segmented>
	<object>
		<name>Plate</name>
		<pose>Unspecified</pose>
		<truncated>0</truncated>
		<difficult>0</difficult>
		<occluded>0</occluded>
		<bndbox>
			<xmin>1</xmin>
			<xmax>599</xmax>
			<ymin>1</ymin>
			<ymax>641</ymax>
		</bndbox>
	</object>
</annotation>
