<annotation>
	<folder></folder>
	<filename>141_jpg.rf.6103080e2e5c51657729ee8841137ef3.jpg</filename>
	<path>141_jpg.rf.6103080e2e5c51657729ee8841137ef3.jpg</path>
	<source>
		<database>roboflow.com</database>
	</source>
	<size>
		<width>640</width>
		<height>640</height>
		<depth>3</depth>
	</size>
	<segmented>0</segmented>
	<object>
		<name>Plate</name>
		<pose>Unspecified</pose>
		<truncated>0</truncated>
		<difficult>0</difficult>
		<occluded>0</occluded>
		<bndbox>
			<xmin>81</xmin>
			<xmax>362</xmax>
			<ymin>348</ymin>
			<ymax>549</ymax>
		</bndbox>
	</object>
	<object>
		<name>Plate</name>
		<pose>Unspecified</pose>
		<truncated>0</truncated>
		<difficult>0</difficult>
		<occluded>0</occluded>
		<bndbox>
			<xmin>364</xmin>
			<xmax>627</xmax>
			<ymin>363</ymin>
			<ymax>557</ymax>
		</bndbox>
	</object>
</annotation>
