<annotation>
	<folder></folder>
	<filename>141_jpg.rf.2944d552df032d72bac87472f889722b.jpg</filename>
	<path>141_jpg.rf.2944d552df032d72bac87472f889722b.jpg</path>
	<source>
		<database>roboflow.com</database>
	</source>
	<size>
		<width>640</width>
		<height>640</height>
		<depth>3</depth>
	</size>
	<segmented>0</segmented>
	<object>
		<name>Plate</name>
		<pose>Unspecified</pose>
		<truncated>0</truncated>
		<difficult>0</difficult>
		<occluded>0</occluded>
		<bndbox>
			<xmin>348</xmin>
			<xmax>549</xmax>
			<ymin>81</ymin>
			<ymax>362</ymax>
		</bndbox>
	</object>
	<object>
		<name>Plate</name>
		<pose>Unspecified</pose>
		<truncated>0</truncated>
		<difficult>0</difficult>
		<occluded>0</occluded>
		<bndbox>
			<xmin>363</xmin>
			<xmax>557</xmax>
			<ymin>364</ymin>
			<ymax>627</ymax>
		</bndbox>
	</object>
</annotation>
