<annotation>
	<folder></folder>
	<filename>141_jpg.rf.d85a0a55f4a07da10fdc1d6029a02610.jpg</filename>
	<path>141_jpg.rf.d85a0a55f4a07da10fdc1d6029a02610.jpg</path>
	<source>
		<database>roboflow.com</database>
	</source>
	<size>
		<width>640</width>
		<height>640</height>
		<depth>3</depth>
	</size>
	<segmented>0</segmented>
	<object>
		<name>Plate</name>
		<pose>Unspecified</pose>
		<truncated>0</truncated>
		<difficult>0</difficult>
		<occluded>0</occluded>
		<bndbox>
			<xmin>280</xmin>
			<xmax>561</xmax>
			<ymin>348</ymin>
			<ymax>549</ymax>
		</bndbox>
	</object>
	<object>
		<name>Plate</name>
		<pose>Unspecified</pose>
		<truncated>0</truncated>
		<difficult>0</difficult>
		<occluded>0</occluded>
		<bndbox>
			<xmin>16</xmin>
			<xmax>279</xmax>
			<ymin>363</ymin>
			<ymax>557</ymax>
		</bndbox>
	</object>
</annotation>
