<annotation>
	<folder></folder>
	<filename>142_jpg.rf.010cc8eaebd0abe6aa99e99e27584c92.jpg</filename>
	<path>142_jpg.rf.010cc8eaebd0abe6aa99e99e27584c92.jpg</path>
	<source>
		<database>roboflow.com</database>
	</source>
	<size>
		<width>640</width>
		<height>640</height>
		<depth>3</depth>
	</size>
	<segmented>0</segmented>
	<object>
		<name>Plate</name>
		<pose>Unspecified</pose>
		<truncated>0</truncated>
		<difficult>0</difficult>
		<occluded>0</occluded>
		<bndbox>
			<xmin>67</xmin>
			<xmax>573</xmax>
			<ymin>79</ymin>
			<ymax>538</ymax>
		</bndbox>
	</object>
</annotation>
