<annotation>
	<folder></folder>
	<filename>142_jpg.rf.3e1694f3c947ea7844ae31e5723aef37.jpg</filename>
	<path>142_jpg.rf.3e1694f3c947ea7844ae31e5723aef37.jpg</path>
	<source>
		<database>roboflow.com</database>
	</source>
	<size>
		<width>640</width>
		<height>640</height>
		<depth>3</depth>
	</size>
	<segmented>0</segmented>
	<object>
		<name>Plate</name>
		<pose>Unspecified</pose>
		<truncated>0</truncated>
		<difficult>0</difficult>
		<occluded>0</occluded>
		<bndbox>
			<xmin>104</xmin>
			<xmax>563</xmax>
			<ymin>69</ymin>
			<ymax>575</ymax>
		</bndbox>
	</object>
</annotation>
