<annotation>
	<folder></folder>
	<filename>142_jpg.rf.7910e19e3047241c088b063b01db1346.jpg</filename>
	<path>142_jpg.rf.7910e19e3047241c088b063b01db1346.jpg</path>
	<source>
		<database>roboflow.com</database>
	</source>
	<size>
		<width>640</width>
		<height>640</height>
		<depth>3</depth>
	</size>
	<segmented>0</segmented>
	<object>
		<name>Plate</name>
		<pose>Unspecified</pose>
		<truncated>0</truncated>
		<difficult>0</difficult>
		<occluded>0</occluded>
		<bndbox>
			<xmin>79</xmin>
			<xmax>538</xmax>
			<ymin>69</ymin>
			<ymax>575</ymax>
		</bndbox>
	</object>
</annotation>
