<annotation>
	<folder></folder>
	<filename>143_jpg.rf.e92823a14ef10678e1eee87cc99a8161.jpg</filename>
	<path>143_jpg.rf.e92823a14ef10678e1eee87cc99a8161.jpg</path>
	<source>
		<database>roboflow.com</database>
	</source>
	<size>
		<width>640</width>
		<height>640</height>
		<depth>3</depth>
	</size>
	<segmented>0</segmented>
	<object>
		<name>Plate</name>
		<pose>Unspecified</pose>
		<truncated>0</truncated>
		<difficult>0</difficult>
		<occluded>0</occluded>
		<bndbox>
			<xmin>247</xmin>
			<xmax>551</xmax>
			<ymin>1</ymin>
			<ymax>543</ymax>
		</bndbox>
	</object>
	<object>
		<name>Plate</name>
		<pose>Unspecified</pose>
		<truncated>0</truncated>
		<difficult>0</difficult>
		<occluded>0</occluded>
		<bndbox>
			<xmin>92</xmin>
			<xmax>334</xmax>
			<ymin>378</ymin>
			<ymax>641</ymax>
		</bndbox>
	</object>
</annotation>
