<annotation>
	<folder></folder>
	<filename>143_jpg.rf.84d07f69a0544c89215d63d258f7f84e.jpg</filename>
	<path>143_jpg.rf.84d07f69a0544c89215d63d258f7f84e.jpg</path>
	<source>
		<database>roboflow.com</database>
	</source>
	<size>
		<width>640</width>
		<height>640</height>
		<depth>3</depth>
	</size>
	<segmented>0</segmented>
	<object>
		<name>Plate</name>
		<pose>Unspecified</pose>
		<truncated>0</truncated>
		<difficult>0</difficult>
		<occluded>0</occluded>
		<bndbox>
			<xmin>247</xmin>
			<xmax>551</xmax>
			<ymin>99</ymin>
			<ymax>641</ymax>
		</bndbox>
	</object>
	<object>
		<name>Plate</name>
		<pose>Unspecified</pose>
		<truncated>0</truncated>
		<difficult>0</difficult>
		<occluded>0</occluded>
		<bndbox>
			<xmin>92</xmin>
			<xmax>334</xmax>
			<ymin>1</ymin>
			<ymax>264</ymax>
		</bndbox>
	</object>
</annotation>
