<annotation>
	<folder></folder>
	<filename>144_jpg.rf.af6fb3f4490f74d6acd5c0ff866bea5f.jpg</filename>
	<path>144_jpg.rf.af6fb3f4490f74d6acd5c0ff866bea5f.jpg</path>
	<source>
		<database>roboflow.com</database>
	</source>
	<size>
		<width>640</width>
		<height>640</height>
		<depth>3</depth>
	</size>
	<segmented>0</segmented>
	<object>
		<name>Plate</name>
		<pose>Unspecified</pose>
		<truncated>0</truncated>
		<difficult>0</difficult>
		<occluded>0</occluded>
		<bndbox>
			<xmin>182</xmin>
			<xmax>344</xmax>
			<ymin>105</ymin>
			<ymax>513</ymax>
		</bndbox>
	</object>
	<object>
		<name>Plate</name>
		<pose>Unspecified</pose>
		<truncated>0</truncated>
		<difficult>0</difficult>
		<occluded>0</occluded>
		<bndbox>
			<xmin>361</xmin>
			<xmax>453</xmax>
			<ymin>273</ymin>
			<ymax>587</ymax>
		</bndbox>
	</object>
	<object>
		<name>Plate</name>
		<pose>Unspecified</pose>
		<truncated>0</truncated>
		<difficult>0</difficult>
		<occluded>0</occluded>
		<bndbox>
			<xmin>437</xmin>
			<xmax>561</xmax>
			<ymin>1</ymin>
			<ymax>229</ymax>
		</bndbox>
	</object>
	<object>
		<name>Plate</name>
		<pose>Unspecified</pose>
		<truncated>0</truncated>
		<difficult>0</difficult>
		<occluded>0</occluded>
		<bndbox>
			<xmin>127</xmin>
			<xmax>376</xmax>
			<ymin>1</ymin>
			<ymax>605</ymax>
		</bndbox>
	</object>
</annotation>
