<annotation>
	<folder></folder>
	<filename>144_jpg.rf.61532c3e98d6a0c278e0afd8cb5ebdb8.jpg</filename>
	<path>144_jpg.rf.61532c3e98d6a0c278e0afd8cb5ebdb8.jpg</path>
	<source>
		<database>roboflow.com</database>
	</source>
	<size>
		<width>640</width>
		<height>640</height>
		<depth>3</depth>
	</size>
	<segmented>0</segmented>
	<object>
		<name>Plate</name>
		<pose>Unspecified</pose>
		<truncated>0</truncated>
		<difficult>0</difficult>
		<occluded>0</occluded>
		<bndbox>
			<xmin>130</xmin>
			<xmax>538</xmax>
			<ymin>298</ymin>
			<ymax>460</ymax>
		</bndbox>
	</object>
	<object>
		<name>Plate</name>
		<pose>Unspecified</pose>
		<truncated>0</truncated>
		<difficult>0</difficult>
		<occluded>0</occluded>
		<bndbox>
			<xmin>55</xmin>
			<xmax>369</xmax>
			<ymin>190</ymin>
			<ymax>282</ymax>
		</bndbox>
	</object>
	<object>
		<name>Plate</name>
		<pose>Unspecified</pose>
		<truncated>0</truncated>
		<difficult>0</difficult>
		<occluded>0</occluded>
		<bndbox>
			<xmin>413</xmin>
			<xmax>641</xmax>
			<ymin>81</ymin>
			<ymax>205</ymax>
		</bndbox>
	</object>
	<object>
		<name>Plate</name>
		<pose>Unspecified</pose>
		<truncated>0</truncated>
		<difficult>0</difficult>
		<occluded>0</occluded>
		<bndbox>
			<xmin>37</xmin>
			<xmax>641</xmax>
			<ymin>266</ymin>
			<ymax>515</ymax>
		</bndbox>
	</object>
</annotation>
