<annotation>
	<folder></folder>
	<filename>145_jpg.rf.d33b6475dba99f312228dfae7a7248b5.jpg</filename>
	<path>145_jpg.rf.d33b6475dba99f312228dfae7a7248b5.jpg</path>
	<source>
		<database>roboflow.com</database>
	</source>
	<size>
		<width>640</width>
		<height>640</height>
		<depth>3</depth>
	</size>
	<segmented>0</segmented>
	<object>
		<name>Plate</name>
		<pose>Unspecified</pose>
		<truncated>0</truncated>
		<difficult>0</difficult>
		<occluded>0</occluded>
		<bndbox>
			<xmin>129</xmin>
			<xmax>557</xmax>
			<ymin>145</ymin>
			<ymax>489</ymax>
		</bndbox>
	</object>
</annotation>
