<annotation>
	<folder></folder>
	<filename>145_jpg.rf.8aded6d45435aec51eaaeda2d2309f35.jpg</filename>
	<path>145_jpg.rf.8aded6d45435aec51eaaeda2d2309f35.jpg</path>
	<source>
		<database>roboflow.com</database>
	</source>
	<size>
		<width>640</width>
		<height>640</height>
		<depth>3</depth>
	</size>
	<segmented>0</segmented>
	<object>
		<name>Plate</name>
		<pose>Unspecified</pose>
		<truncated>0</truncated>
		<difficult>0</difficult>
		<occluded>0</occluded>
		<bndbox>
			<xmin>145</xmin>
			<xmax>489</xmax>
			<ymin>85</ymin>
			<ymax>513</ymax>
		</bndbox>
	</object>
</annotation>
