<annotation>
	<folder></folder>
	<filename>145_jpg.rf.a6ad141f0d375e46d5f8502ac4a966f8.jpg</filename>
	<path>145_jpg.rf.a6ad141f0d375e46d5f8502ac4a966f8.jpg</path>
	<source>
		<database>roboflow.com</database>
	</source>
	<size>
		<width>640</width>
		<height>640</height>
		<depth>3</depth>
	</size>
	<segmented>0</segmented>
	<object>
		<name>Plate</name>
		<pose>Unspecified</pose>
		<truncated>0</truncated>
		<difficult>0</difficult>
		<occluded>0</occluded>
		<bndbox>
			<xmin>129</xmin>
			<xmax>557</xmax>
			<ymin>154</ymin>
			<ymax>498</ymax>
		</bndbox>
	</object>
</annotation>
