<annotation>
	<folder></folder>
	<filename>146_jpg.rf.ef9799f8ee5c6bd372ac3e135795b80d.jpg</filename>
	<path>146_jpg.rf.ef9799f8ee5c6bd372ac3e135795b80d.jpg</path>
	<source>
		<database>roboflow.com</database>
	</source>
	<size>
		<width>640</width>
		<height>640</height>
		<depth>3</depth>
	</size>
	<segmented>0</segmented>
	<object>
		<name>Plate</name>
		<pose>Unspecified</pose>
		<truncated>0</truncated>
		<difficult>0</difficult>
		<occluded>0</occluded>
		<bndbox>
			<xmin>305</xmin>
			<xmax>523</xmax>
			<ymin>2</ymin>
			<ymax>599</ymax>
		</bndbox>
	</object>
</annotation>
