<annotation>
	<folder></folder>
	<filename>146_jpg.rf.6e320df057e4e13e555d14bc951a1d0b.jpg</filename>
	<path>146_jpg.rf.6e320df057e4e13e555d14bc951a1d0b.jpg</path>
	<source>
		<database>roboflow.com</database>
	</source>
	<size>
		<width>640</width>
		<height>640</height>
		<depth>3</depth>
	</size>
	<segmented>0</segmented>
	<object>
		<name>Plate</name>
		<pose>Unspecified</pose>
		<truncated>0</truncated>
		<difficult>0</difficult>
		<occluded>0</occluded>
		<bndbox>
			<xmin>120</xmin>
			<xmax>338</xmax>
			<ymin>44</ymin>
			<ymax>641</ymax>
		</bndbox>
	</object>
</annotation>
