<annotation>
	<folder></folder>
	<filename>148_jpg.rf.62b7b55814f6a78b7f43938462a35b0b.jpg</filename>
	<path>148_jpg.rf.62b7b55814f6a78b7f43938462a35b0b.jpg</path>
	<source>
		<database>roboflow.com</database>
	</source>
	<size>
		<width>640</width>
		<height>640</height>
		<depth>3</depth>
	</size>
	<segmented>0</segmented>
	<object>
		<name>Plate</name>
		<pose>Unspecified</pose>
		<truncated>0</truncated>
		<difficult>0</difficult>
		<occluded>0</occluded>
		<bndbox>
			<xmin>108</xmin>
			<xmax>400</xmax>
			<ymin>55</ymin>
			<ymax>580</ymax>
		</bndbox>
	</object>
	<object>
		<name>Plate</name>
		<pose>Unspecified</pose>
		<truncated>0</truncated>
		<difficult>0</difficult>
		<occluded>0</occluded>
		<bndbox>
			<xmin>1</xmin>
			<xmax>274</xmax>
			<ymin>482</ymin>
			<ymax>641</ymax>
		</bndbox>
	</object>
</annotation>
