<annotation>
	<folder></folder>
	<filename>148_jpg.rf.025f8033869d58850e331376451ff2e0.jpg</filename>
	<path>148_jpg.rf.025f8033869d58850e331376451ff2e0.jpg</path>
	<source>
		<database>roboflow.com</database>
	</source>
	<size>
		<width>640</width>
		<height>640</height>
		<depth>3</depth>
	</size>
	<segmented>0</segmented>
	<object>
		<name>Plate</name>
		<pose>Unspecified</pose>
		<truncated>0</truncated>
		<difficult>0</difficult>
		<occluded>0</occluded>
		<bndbox>
			<xmin>55</xmin>
			<xmax>580</xmax>
			<ymin>242</ymin>
			<ymax>534</ymax>
		</bndbox>
	</object>
	<object>
		<name>Plate</name>
		<pose>Unspecified</pose>
		<truncated>0</truncated>
		<difficult>0</difficult>
		<occluded>0</occluded>
		<bndbox>
			<xmin>482</xmin>
			<xmax>641</xmax>
			<ymin>368</ymin>
			<ymax>641</ymax>
		</bndbox>
	</object>
</annotation>
