<annotation>
	<folder></folder>
	<filename>150_jpg.rf.cf5f317131ac0150f01c5e09a09f9aed.jpg</filename>
	<path>150_jpg.rf.cf5f317131ac0150f01c5e09a09f9aed.jpg</path>
	<source>
		<database>roboflow.com</database>
	</source>
	<size>
		<width>640</width>
		<height>640</height>
		<depth>3</depth>
	</size>
	<segmented>0</segmented>
	<object>
		<name>Plate</name>
		<pose>Unspecified</pose>
		<truncated>0</truncated>
		<difficult>0</difficult>
		<occluded>0</occluded>
		<bndbox>
			<xmin>214</xmin>
			<xmax>478</xmax>
			<ymin>184</ymin>
			<ymax>599</ymax>
		</bndbox>
	</object>
</annotation>
