<annotation>
	<folder></folder>
	<filename>150_jpg.rf.f8cbc6e5a415d3f70beb6062f1b80e98.jpg</filename>
	<path>150_jpg.rf.f8cbc6e5a415d3f70beb6062f1b80e98.jpg</path>
	<source>
		<database>roboflow.com</database>
	</source>
	<size>
		<width>640</width>
		<height>640</height>
		<depth>3</depth>
	</size>
	<segmented>0</segmented>
	<object>
		<name>Plate</name>
		<pose>Unspecified</pose>
		<truncated>0</truncated>
		<difficult>0</difficult>
		<occluded>0</occluded>
		<bndbox>
			<xmin>184</xmin>
			<xmax>599</xmax>
			<ymin>164</ymin>
			<ymax>428</ymax>
		</bndbox>
	</object>
</annotation>
