<annotation>
	<folder></folder>
	<filename>16_jpg.rf.f57bd3035e288ab1778a0f285bff97ef.jpg</filename>
	<path>16_jpg.rf.f57bd3035e288ab1778a0f285bff97ef.jpg</path>
	<source>
		<database>roboflow.com</database>
	</source>
	<size>
		<width>640</width>
		<height>640</height>
		<depth>3</depth>
	</size>
	<segmented>0</segmented>
	<object>
		<name>Plate</name>
		<pose>Unspecified</pose>
		<truncated>0</truncated>
		<difficult>0</difficult>
		<occluded>0</occluded>
		<bndbox>
			<xmin>219</xmin>
			<xmax>546</xmax>
			<ymin>38</ymin>
			<ymax>622</ymax>
		</bndbox>
	</object>
	<object>
		<name>Plate</name>
		<pose>Unspecified</pose>
		<truncated>0</truncated>
		<difficult>0</difficult>
		<occluded>0</occluded>
		<bndbox>
			<xmin>101</xmin>
			<xmax>413</xmax>
			<ymin>2</ymin>
			<ymax>584</ymax>
		</bndbox>
	</object>
</annotation>
