<annotation>
	<folder></folder>
	<filename>16_jpg.rf.5862967e26f970356e2f477e7a82a658.jpg</filename>
	<path>16_jpg.rf.5862967e26f970356e2f477e7a82a658.jpg</path>
	<source>
		<database>roboflow.com</database>
	</source>
	<size>
		<width>640</width>
		<height>640</height>
		<depth>3</depth>
	</size>
	<segmented>0</segmented>
	<object>
		<name>Plate</name>
		<pose>Unspecified</pose>
		<truncated>0</truncated>
		<difficult>0</difficult>
		<occluded>0</occluded>
		<bndbox>
			<xmin>21</xmin>
			<xmax>605</xmax>
			<ymin>96</ymin>
			<ymax>423</ymax>
		</bndbox>
	</object>
	<object>
		<name>Plate</name>
		<pose>Unspecified</pose>
		<truncated>0</truncated>
		<difficult>0</difficult>
		<occluded>0</occluded>
		<bndbox>
			<xmin>59</xmin>
			<xmax>641</xmax>
			<ymin>230</ymin>
			<ymax>542</ymax>
		</bndbox>
	</object>
</annotation>
