<annotation>
	<folder></folder>
	<filename>16_jpg.rf.d24bab0deb48a1abde86f53b325bb6b8.jpg</filename>
	<path>16_jpg.rf.d24bab0deb48a1abde86f53b325bb6b8.jpg</path>
	<source>
		<database>roboflow.com</database>
	</source>
	<size>
		<width>640</width>
		<height>640</height>
		<depth>3</depth>
	</size>
	<segmented>0</segmented>
	<object>
		<name>Plate</name>
		<pose>Unspecified</pose>
		<truncated>0</truncated>
		<difficult>0</difficult>
		<occluded>0</occluded>
		<bndbox>
			<xmin>96</xmin>
			<xmax>423</xmax>
			<ymin>21</ymin>
			<ymax>605</ymax>
		</bndbox>
	</object>
	<object>
		<name>Plate</name>
		<pose>Unspecified</pose>
		<truncated>0</truncated>
		<difficult>0</difficult>
		<occluded>0</occluded>
		<bndbox>
			<xmin>230</xmin>
			<xmax>542</xmax>
			<ymin>59</ymin>
			<ymax>641</ymax>
		</bndbox>
	</object>
</annotation>
