<annotation>
	<folder></folder>
	<filename>19_jpg.rf.86871d4f32005bedfc0b8f0b53a1e580.jpg</filename>
	<path>19_jpg.rf.86871d4f32005bedfc0b8f0b53a1e580.jpg</path>
	<source>
		<database>roboflow.com</database>
	</source>
	<size>
		<width>640</width>
		<height>640</height>
		<depth>3</depth>
	</size>
	<segmented>0</segmented>
	<object>
		<name>Plate</name>
		<pose>Unspecified</pose>
		<truncated>0</truncated>
		<difficult>0</difficult>
		<occluded>0</occluded>
		<bndbox>
			<xmin>133</xmin>
			<xmax>641</xmax>
			<ymin>66</ymin>
			<ymax>605</ymax>
		</bndbox>
	</object>
</annotation>
