<annotation>
	<folder></folder>
	<filename>19_jpg.rf.d05177876dd313edab5da23b18c26b36.jpg</filename>
	<path>19_jpg.rf.d05177876dd313edab5da23b18c26b36.jpg</path>
	<source>
		<database>roboflow.com</database>
	</source>
	<size>
		<width>640</width>
		<height>640</height>
		<depth>3</depth>
	</size>
	<segmented>0</segmented>
	<object>
		<name>Plate</name>
		<pose>Unspecified</pose>
		<truncated>0</truncated>
		<difficult>0</difficult>
		<occluded>0</occluded>
		<bndbox>
			<xmin>38</xmin>
			<xmax>577</xmax>
			<ymin>133</ymin>
			<ymax>641</ymax>
		</bndbox>
	</object>
</annotation>
