<annotation>
	<folder></folder>
	<filename>21_jpg.rf.32366dbe2edc4fcdb80c6b7b01682838.jpg</filename>
	<path>21_jpg.rf.32366dbe2edc4fcdb80c6b7b01682838.jpg</path>
	<source>
		<database>roboflow.com</database>
	</source>
	<size>
		<width>640</width>
		<height>640</height>
		<depth>3</depth>
	</size>
	<segmented>0</segmented>
	<object>
		<name>Plate</name>
		<pose>Unspecified</pose>
		<truncated>0</truncated>
		<difficult>0</difficult>
		<occluded>0</occluded>
		<bndbox>
			<xmin>74</xmin>
			<xmax>570</xmax>
			<ymin>5</ymin>
			<ymax>499</ymax>
		</bndbox>
	</object>
	<object>
		<name>Plate</name>
		<pose>Unspecified</pose>
		<truncated>0</truncated>
		<difficult>0</difficult>
		<occluded>0</occluded>
		<bndbox>
			<xmin>60</xmin>
			<xmax>598</xmax>
			<ymin>399</ymin>
			<ymax>623</ymax>
		</bndbox>
	</object>
</annotation>
