<annotation>
	<folder></folder>
	<filename>21_jpg.rf.c596c4f8598a30a988ccfaed715707e4.jpg</filename>
	<path>21_jpg.rf.c596c4f8598a30a988ccfaed715707e4.jpg</path>
	<source>
		<database>roboflow.com</database>
	</source>
	<size>
		<width>640</width>
		<height>640</height>
		<depth>3</depth>
	</size>
	<segmented>0</segmented>
	<object>
		<name>Plate</name>
		<pose>Unspecified</pose>
		<truncated>0</truncated>
		<difficult>0</difficult>
		<occluded>0</occluded>
		<bndbox>
			<xmin>5</xmin>
			<xmax>499</xmax>
			<ymin>74</ymin>
			<ymax>570</ymax>
		</bndbox>
	</object>
	<object>
		<name>Plate</name>
		<pose>Unspecified</pose>
		<truncated>0</truncated>
		<difficult>0</difficult>
		<occluded>0</occluded>
		<bndbox>
			<xmin>399</xmin>
			<xmax>623</xmax>
			<ymin>60</ymin>
			<ymax>598</ymax>
		</bndbox>
	</object>
</annotation>
