<annotation>
	<folder></folder>
	<filename>21_jpg.rf.a3cb4c2aa1696ea5df554556c6771edb.jpg</filename>
	<path>21_jpg.rf.a3cb4c2aa1696ea5df554556c6771edb.jpg</path>
	<source>
		<database>roboflow.com</database>
	</source>
	<size>
		<width>640</width>
		<height>640</height>
		<depth>3</depth>
	</size>
	<segmented>0</segmented>
	<object>
		<name>Plate</name>
		<pose>Unspecified</pose>
		<truncated>0</truncated>
		<difficult>0</difficult>
		<occluded>0</occluded>
		<bndbox>
			<xmin>73</xmin>
			<xmax>569</xmax>
			<ymin>5</ymin>
			<ymax>499</ymax>
		</bndbox>
	</object>
	<object>
		<name>Plate</name>
		<pose>Unspecified</pose>
		<truncated>0</truncated>
		<difficult>0</difficult>
		<occluded>0</occluded>
		<bndbox>
			<xmin>44</xmin>
			<xmax>582</xmax>
			<ymin>399</ymin>
			<ymax>623</ymax>
		</bndbox>
	</object>
</annotation>
