<annotation>
	<folder></folder>
	<filename>24_jpg.rf.b8419cac495e26698f051fbf3398afce.jpg</filename>
	<path>24_jpg.rf.b8419cac495e26698f051fbf3398afce.jpg</path>
	<source>
		<database>roboflow.com</database>
	</source>
	<size>
		<width>640</width>
		<height>640</height>
		<depth>3</depth>
	</size>
	<segmented>0</segmented>
	<object>
		<name>Plate</name>
		<pose>Unspecified</pose>
		<truncated>0</truncated>
		<difficult>0</difficult>
		<occluded>0</occluded>
		<bndbox>
			<xmin>132</xmin>
			<xmax>535</xmax>
			<ymin>25</ymin>
			<ymax>621</ymax>
		</bndbox>
	</object>
</annotation>
