<annotation>
	<folder></folder>
	<filename>24_jpg.rf.20869989c2632e94f938f792da4c61f1.jpg</filename>
	<path>24_jpg.rf.20869989c2632e94f938f792da4c61f1.jpg</path>
	<source>
		<database>roboflow.com</database>
	</source>
	<size>
		<width>640</width>
		<height>640</height>
		<depth>3</depth>
	</size>
	<segmented>0</segmented>
	<object>
		<name>Plate</name>
		<pose>Unspecified</pose>
		<truncated>0</truncated>
		<difficult>0</difficult>
		<occluded>0</occluded>
		<bndbox>
			<xmin>25</xmin>
			<xmax>621</xmax>
			<ymin>132</ymin>
			<ymax>535</ymax>
		</bndbox>
	</object>
</annotation>
