<annotation>
	<folder></folder>
	<filename>25_jpg.rf.903f9a941d620a9c99f674ba7e975d97.jpg</filename>
	<path>25_jpg.rf.903f9a941d620a9c99f674ba7e975d97.jpg</path>
	<source>
		<database>roboflow.com</database>
	</source>
	<size>
		<width>640</width>
		<height>640</height>
		<depth>3</depth>
	</size>
	<segmented>0</segmented>
	<object>
		<name>Plate</name>
		<pose>Unspecified</pose>
		<truncated>0</truncated>
		<difficult>0</difficult>
		<occluded>0</occluded>
		<bndbox>
			<xmin>15</xmin>
			<xmax>545</xmax>
			<ymin>1</ymin>
			<ymax>443</ymax>
		</bndbox>
	</object>
</annotation>
