<annotation>
	<folder></folder>
	<filename>25_jpg.rf.7b085d6f230a412b39658c34cd45c200.jpg</filename>
	<path>25_jpg.rf.7b085d6f230a412b39658c34cd45c200.jpg</path>
	<source>
		<database>roboflow.com</database>
	</source>
	<size>
		<width>640</width>
		<height>640</height>
		<depth>3</depth>
	</size>
	<segmented>0</segmented>
	<object>
		<name>Plate</name>
		<pose>Unspecified</pose>
		<truncated>0</truncated>
		<difficult>0</difficult>
		<occluded>0</occluded>
		<bndbox>
			<xmin>1</xmin>
			<xmax>443</xmax>
			<ymin>15</ymin>
			<ymax>545</ymax>
		</bndbox>
	</object>
</annotation>
