<annotation>
	<folder></folder>
	<filename>28_jpg.rf.ae224b4d4ce0e9bd93d484d3f3ce6834.jpg</filename>
	<path>28_jpg.rf.ae224b4d4ce0e9bd93d484d3f3ce6834.jpg</path>
	<source>
		<database>roboflow.com</database>
	</source>
	<size>
		<width>640</width>
		<height>640</height>
		<depth>3</depth>
	</size>
	<segmented>0</segmented>
	<object>
		<name>Plate</name>
		<pose>Unspecified</pose>
		<truncated>0</truncated>
		<difficult>0</difficult>
		<occluded>0</occluded>
		<bndbox>
			<xmin>72</xmin>
			<xmax>403</xmax>
			<ymin>120</ymin>
			<ymax>462</ymax>
		</bndbox>
	</object>
	<object>
		<name>Plate</name>
		<pose>Unspecified</pose>
		<truncated>0</truncated>
		<difficult>0</difficult>
		<occluded>0</occluded>
		<bndbox>
			<xmin>228</xmin>
			<xmax>613</xmax>
			<ymin>411</ymin>
			<ymax>557</ymax>
		</bndbox>
	</object>
</annotation>
