<annotation>
	<folder></folder>
	<filename>29_jpg.rf.8b25aa831e20012f5619c10af34511e6.jpg</filename>
	<path>29_jpg.rf.8b25aa831e20012f5619c10af34511e6.jpg</path>
	<source>
		<database>roboflow.com</database>
	</source>
	<size>
		<width>640</width>
		<height>640</height>
		<depth>3</depth>
	</size>
	<segmented>0</segmented>
	<object>
		<name>Plate</name>
		<pose>Unspecified</pose>
		<truncated>0</truncated>
		<difficult>0</difficult>
		<occluded>0</occluded>
		<bndbox>
			<xmin>52</xmin>
			<xmax>558</xmax>
			<ymin>69</ymin>
			<ymax>571</ymax>
		</bndbox>
	</object>
</annotation>
