<annotation>
	<folder></folder>
	<filename>29_jpg.rf.26647859b5ac4309475608ff53e7e7fb.jpg</filename>
	<path>29_jpg.rf.26647859b5ac4309475608ff53e7e7fb.jpg</path>
	<source>
		<database>roboflow.com</database>
	</source>
	<size>
		<width>640</width>
		<height>640</height>
		<depth>3</depth>
	</size>
	<segmented>0</segmented>
	<object>
		<name>Plate</name>
		<pose>Unspecified</pose>
		<truncated>0</truncated>
		<difficult>0</difficult>
		<occluded>0</occluded>
		<bndbox>
			<xmin>69</xmin>
			<xmax>571</xmax>
			<ymin>85</ymin>
			<ymax>591</ymax>
		</bndbox>
	</object>
</annotation>
