<annotation>
	<folder></folder>
	<filename>2_jpg.rf.046e1620b26094a9b6d1f851e86bec32.jpg</filename>
	<path>2_jpg.rf.046e1620b26094a9b6d1f851e86bec32.jpg</path>
	<source>
		<database>roboflow.com</database>
	</source>
	<size>
		<width>640</width>
		<height>640</height>
		<depth>3</depth>
	</size>
	<segmented>0</segmented>
	<object>
		<name>Plate</name>
		<pose>Unspecified</pose>
		<truncated>0</truncated>
		<difficult>0</difficult>
		<occluded>0</occluded>
		<bndbox>
			<xmin>1</xmin>
			<xmax>586</xmax>
			<ymin>84</ymin>
			<ymax>565</ymax>
		</bndbox>
	</object>
</annotation>
