<annotation>
	<folder></folder>
	<filename>2_jpg.rf.8f311d4363f4e368fb2b5aa3818d19d8.jpg</filename>
	<path>2_jpg.rf.8f311d4363f4e368fb2b5aa3818d19d8.jpg</path>
	<source>
		<database>roboflow.com</database>
	</source>
	<size>
		<width>640</width>
		<height>640</height>
		<depth>3</depth>
	</size>
	<segmented>0</segmented>
	<object>
		<name>Plate</name>
		<pose>Unspecified</pose>
		<truncated>0</truncated>
		<difficult>0</difficult>
		<occluded>0</occluded>
		<bndbox>
			<xmin>56</xmin>
			<xmax>641</xmax>
			<ymin>77</ymin>
			<ymax>558</ymax>
		</bndbox>
	</object>
</annotation>
