<annotation>
	<folder></folder>
	<filename>31_jpg.rf.b6e06fc95facd0f8d4ec81d7b8c30298.jpg</filename>
	<path>31_jpg.rf.b6e06fc95facd0f8d4ec81d7b8c30298.jpg</path>
	<source>
		<database>roboflow.com</database>
	</source>
	<size>
		<width>640</width>
		<height>640</height>
		<depth>3</depth>
	</size>
	<segmented>0</segmented>
	<object>
		<name>Plate</name>
		<pose>Unspecified</pose>
		<truncated>0</truncated>
		<difficult>0</difficult>
		<occluded>0</occluded>
		<bndbox>
			<xmin>229</xmin>
			<xmax>475</xmax>
			<ymin>29</ymin>
			<ymax>474</ymax>
		</bndbox>
	</object>
	<object>
		<name>Plate</name>
		<pose>Unspecified</pose>
		<truncated>0</truncated>
		<difficult>0</difficult>
		<occluded>0</occluded>
		<bndbox>
			<xmin>75</xmin>
			<xmax>526</xmax>
			<ymin>1</ymin>
			<ymax>631</ymax>
		</bndbox>
	</object>
</annotation>
