<annotation>
	<folder></folder>
	<filename>32_jpg.rf.949cae0da746d0c2c91545118d7a7088.jpg</filename>
	<path>32_jpg.rf.949cae0da746d0c2c91545118d7a7088.jpg</path>
	<source>
		<database>roboflow.com</database>
	</source>
	<size>
		<width>640</width>
		<height>640</height>
		<depth>3</depth>
	</size>
	<segmented>0</segmented>
	<object>
		<name>Plate</name>
		<pose>Unspecified</pose>
		<truncated>0</truncated>
		<difficult>0</difficult>
		<occluded>0</occluded>
		<bndbox>
			<xmin>245</xmin>
			<xmax>461</xmax>
			<ymin>30</ymin>
			<ymax>257</ymax>
		</bndbox>
	</object>
	<object>
		<name>Plate</name>
		<pose>Unspecified</pose>
		<truncated>0</truncated>
		<difficult>0</difficult>
		<occluded>0</occluded>
		<bndbox>
			<xmin>227</xmin>
			<xmax>439</xmax>
			<ymin>104</ymin>
			<ymax>288</ymax>
		</bndbox>
	</object>
</annotation>
