<annotation>
	<folder></folder>
	<filename>32_jpg.rf.9764871c89a43b4aaf3b93122ff69bcb.jpg</filename>
	<path>32_jpg.rf.9764871c89a43b4aaf3b93122ff69bcb.jpg</path>
	<source>
		<database>roboflow.com</database>
	</source>
	<size>
		<width>640</width>
		<height>640</height>
		<depth>3</depth>
	</size>
	<segmented>0</segmented>
	<object>
		<name>Plate</name>
		<pose>Unspecified</pose>
		<truncated>0</truncated>
		<difficult>0</difficult>
		<occluded>0</occluded>
		<bndbox>
			<xmin>245</xmin>
			<xmax>461</xmax>
			<ymin>385</ymin>
			<ymax>612</ymax>
		</bndbox>
	</object>
	<object>
		<name>Plate</name>
		<pose>Unspecified</pose>
		<truncated>0</truncated>
		<difficult>0</difficult>
		<occluded>0</occluded>
		<bndbox>
			<xmin>227</xmin>
			<xmax>439</xmax>
			<ymin>355</ymin>
			<ymax>539</ymax>
		</bndbox>
	</object>
</annotation>
