<annotation>
	<folder></folder>
	<filename>32_jpg.rf.88851ec54cdbc5624a14ec31be90abb8.jpg</filename>
	<path>32_jpg.rf.88851ec54cdbc5624a14ec31be90abb8.jpg</path>
	<source>
		<database>roboflow.com</database>
	</source>
	<size>
		<width>640</width>
		<height>640</height>
		<depth>3</depth>
	</size>
	<segmented>0</segmented>
	<object>
		<name>Plate</name>
		<pose>Unspecified</pose>
		<truncated>0</truncated>
		<difficult>0</difficult>
		<occluded>0</occluded>
		<bndbox>
			<xmin>385</xmin>
			<xmax>612</xmax>
			<ymin>182</ymin>
			<ymax>398</ymax>
		</bndbox>
	</object>
	<object>
		<name>Plate</name>
		<pose>Unspecified</pose>
		<truncated>0</truncated>
		<difficult>0</difficult>
		<occluded>0</occluded>
		<bndbox>
			<xmin>355</xmin>
			<xmax>539</xmax>
			<ymin>204</ymin>
			<ymax>416</ymax>
		</bndbox>
	</object>
</annotation>
