<annotation>
	<folder></folder>
	<filename>35_jpg.rf.7dfae4ee21d8de834776081843d01649.jpg</filename>
	<path>35_jpg.rf.7dfae4ee21d8de834776081843d01649.jpg</path>
	<source>
		<database>roboflow.com</database>
	</source>
	<size>
		<width>640</width>
		<height>640</height>
		<depth>3</depth>
	</size>
	<segmented>0</segmented>
	<object>
		<name>Plate</name>
		<pose>Unspecified</pose>
		<truncated>0</truncated>
		<difficult>0</difficult>
		<occluded>0</occluded>
		<bndbox>
			<xmin>113</xmin>
			<xmax>396</xmax>
			<ymin>152</ymin>
			<ymax>498</ymax>
		</bndbox>
	</object>
	<object>
		<name>Plate</name>
		<pose>Unspecified</pose>
		<truncated>0</truncated>
		<difficult>0</difficult>
		<occluded>0</occluded>
		<bndbox>
			<xmin>207</xmin>
			<xmax>555</xmax>
			<ymin>1</ymin>
			<ymax>303</ymax>
		</bndbox>
	</object>
	<object>
		<name>Plate</name>
		<pose>Unspecified</pose>
		<truncated>0</truncated>
		<difficult>0</difficult>
		<occluded>0</occluded>
		<bndbox>
			<xmin>236</xmin>
			<xmax>583</xmax>
			<ymin>292</ymin>
			<ymax>641</ymax>
		</bndbox>
	</object>
</annotation>
