<annotation>
	<folder></folder>
	<filename>35_jpg.rf.0f2601888e4bdca370fe9041096a7aea.jpg</filename>
	<path>35_jpg.rf.0f2601888e4bdca370fe9041096a7aea.jpg</path>
	<source>
		<database>roboflow.com</database>
	</source>
	<size>
		<width>640</width>
		<height>640</height>
		<depth>3</depth>
	</size>
	<segmented>0</segmented>
	<object>
		<name>Plate</name>
		<pose>Unspecified</pose>
		<truncated>0</truncated>
		<difficult>0</difficult>
		<occluded>0</occluded>
		<bndbox>
			<xmin>152</xmin>
			<xmax>498</xmax>
			<ymin>113</ymin>
			<ymax>396</ymax>
		</bndbox>
	</object>
	<object>
		<name>Plate</name>
		<pose>Unspecified</pose>
		<truncated>0</truncated>
		<difficult>0</difficult>
		<occluded>0</occluded>
		<bndbox>
			<xmin>1</xmin>
			<xmax>303</xmax>
			<ymin>207</ymin>
			<ymax>555</ymax>
		</bndbox>
	</object>
	<object>
		<name>Plate</name>
		<pose>Unspecified</pose>
		<truncated>0</truncated>
		<difficult>0</difficult>
		<occluded>0</occluded>
		<bndbox>
			<xmin>292</xmin>
			<xmax>641</xmax>
			<ymin>236</ymin>
			<ymax>583</ymax>
		</bndbox>
	</object>
</annotation>
