<annotation>
	<folder></folder>
	<filename>36_jpg.rf.765982533c23906c1ff5e7e20e1d6d97.jpg</filename>
	<path>36_jpg.rf.765982533c23906c1ff5e7e20e1d6d97.jpg</path>
	<source>
		<database>roboflow.com</database>
	</source>
	<size>
		<width>640</width>
		<height>640</height>
		<depth>3</depth>
	</size>
	<segmented>0</segmented>
	<object>
		<name>Plate</name>
		<pose>Unspecified</pose>
		<truncated>0</truncated>
		<difficult>0</difficult>
		<occluded>0</occluded>
		<bndbox>
			<xmin>44</xmin>
			<xmax>604</xmax>
			<ymin>32</ymin>
			<ymax>626</ymax>
		</bndbox>
	</object>
</annotation>
