<annotation>
	<folder></folder>
	<filename>36_jpg.rf.00cc084e123add784d7e8ccd20c7e847.jpg</filename>
	<path>36_jpg.rf.00cc084e123add784d7e8ccd20c7e847.jpg</path>
	<source>
		<database>roboflow.com</database>
	</source>
	<size>
		<width>640</width>
		<height>640</height>
		<depth>3</depth>
	</size>
	<segmented>0</segmented>
	<object>
		<name>Plate</name>
		<pose>Unspecified</pose>
		<truncated>0</truncated>
		<difficult>0</difficult>
		<occluded>0</occluded>
		<bndbox>
			<xmin>32</xmin>
			<xmax>626</xmax>
			<ymin>39</ymin>
			<ymax>599</ymax>
		</bndbox>
	</object>
</annotation>
