<annotation>
	<folder></folder>
	<filename>37_jpg.rf.bed56a0cc22c08e6cdf0a8f4a5e3495f.jpg</filename>
	<path>37_jpg.rf.bed56a0cc22c08e6cdf0a8f4a5e3495f.jpg</path>
	<source>
		<database>roboflow.com</database>
	</source>
	<size>
		<width>640</width>
		<height>640</height>
		<depth>3</depth>
	</size>
	<segmented>0</segmented>
	<object>
		<name>Plate</name>
		<pose>Unspecified</pose>
		<truncated>0</truncated>
		<difficult>0</difficult>
		<occluded>0</occluded>
		<bndbox>
			<xmin>13</xmin>
			<xmax>371</xmax>
			<ymin>156</ymin>
			<ymax>547</ymax>
		</bndbox>
	</object>
	<object>
		<name>Plate</name>
		<pose>Unspecified</pose>
		<truncated>0</truncated>
		<difficult>0</difficult>
		<occluded>0</occluded>
		<bndbox>
			<xmin>370</xmin>
			<xmax>480</xmax>
			<ymin>166</ymin>
			<ymax>500</ymax>
		</bndbox>
	</object>
</annotation>
