<annotation>
	<folder></folder>
	<filename>37_jpg.rf.297e4a370353440ae08f0998d9ba3f07.jpg</filename>
	<path>37_jpg.rf.297e4a370353440ae08f0998d9ba3f07.jpg</path>
	<source>
		<database>roboflow.com</database>
	</source>
	<size>
		<width>640</width>
		<height>640</height>
		<depth>3</depth>
	</size>
	<segmented>0</segmented>
	<object>
		<name>Plate</name>
		<pose>Unspecified</pose>
		<truncated>0</truncated>
		<difficult>0</difficult>
		<occluded>0</occluded>
		<bndbox>
			<xmin>96</xmin>
			<xmax>487</xmax>
			<ymin>13</ymin>
			<ymax>371</ymax>
		</bndbox>
	</object>
	<object>
		<name>Plate</name>
		<pose>Unspecified</pose>
		<truncated>0</truncated>
		<difficult>0</difficult>
		<occluded>0</occluded>
		<bndbox>
			<xmin>143</xmin>
			<xmax>477</xmax>
			<ymin>370</ymin>
			<ymax>480</ymax>
		</bndbox>
	</object>
</annotation>
