<annotation>
	<folder></folder>
	<filename>37_jpg.rf.e8a1ddfd988f0a6d82bff8990059c730.jpg</filename>
	<path>37_jpg.rf.e8a1ddfd988f0a6d82bff8990059c730.jpg</path>
	<source>
		<database>roboflow.com</database>
	</source>
	<size>
		<width>640</width>
		<height>640</height>
		<depth>3</depth>
	</size>
	<segmented>0</segmented>
	<object>
		<name>Plate</name>
		<pose>Unspecified</pose>
		<truncated>0</truncated>
		<difficult>0</difficult>
		<occluded>0</occluded>
		<bndbox>
			<xmin>156</xmin>
			<xmax>547</xmax>
			<ymin>13</ymin>
			<ymax>371</ymax>
		</bndbox>
	</object>
	<object>
		<name>Plate</name>
		<pose>Unspecified</pose>
		<truncated>0</truncated>
		<difficult>0</difficult>
		<occluded>0</occluded>
		<bndbox>
			<xmin>166</xmin>
			<xmax>500</xmax>
			<ymin>370</ymin>
			<ymax>480</ymax>
		</bndbox>
	</object>
</annotation>
