<annotation>
	<folder></folder>
	<filename>38_jpg.rf.6d030c61025f312fd132c9707e75a883.jpg</filename>
	<path>38_jpg.rf.6d030c61025f312fd132c9707e75a883.jpg</path>
	<source>
		<database>roboflow.com</database>
	</source>
	<size>
		<width>640</width>
		<height>640</height>
		<depth>3</depth>
	</size>
	<segmented>0</segmented>
	<object>
		<name>Plate</name>
		<pose>Unspecified</pose>
		<truncated>0</truncated>
		<difficult>0</difficult>
		<occluded>0</occluded>
		<bndbox>
			<xmin>107</xmin>
			<xmax>508</xmax>
			<ymin>210</ymin>
			<ymax>634</ymax>
		</bndbox>
	</object>
	<object>
		<name>Plate</name>
		<pose>Unspecified</pose>
		<truncated>0</truncated>
		<difficult>0</difficult>
		<occluded>0</occluded>
		<bndbox>
			<xmin>2</xmin>
			<xmax>576</xmax>
			<ymin>44</ymin>
			<ymax>616</ymax>
		</bndbox>
	</object>
</annotation>
