<annotation>
	<folder></folder>
	<filename>38_jpg.rf.2ddc3507f78173c6887a5d52ee0dd762.jpg</filename>
	<path>38_jpg.rf.2ddc3507f78173c6887a5d52ee0dd762.jpg</path>
	<source>
		<database>roboflow.com</database>
	</source>
	<size>
		<width>640</width>
		<height>640</height>
		<depth>3</depth>
	</size>
	<segmented>0</segmented>
	<object>
		<name>Plate</name>
		<pose>Unspecified</pose>
		<truncated>0</truncated>
		<difficult>0</difficult>
		<occluded>0</occluded>
		<bndbox>
			<xmin>134</xmin>
			<xmax>535</xmax>
			<ymin>210</ymin>
			<ymax>634</ymax>
		</bndbox>
	</object>
	<object>
		<name>Plate</name>
		<pose>Unspecified</pose>
		<truncated>0</truncated>
		<difficult>0</difficult>
		<occluded>0</occluded>
		<bndbox>
			<xmin>67</xmin>
			<xmax>641</xmax>
			<ymin>44</ymin>
			<ymax>616</ymax>
		</bndbox>
	</object>
</annotation>
