<annotation>
	<folder></folder>
	<filename>38_jpg.rf.54bac5f9097151b229c2f9790f2a20c5.jpg</filename>
	<path>38_jpg.rf.54bac5f9097151b229c2f9790f2a20c5.jpg</path>
	<source>
		<database>roboflow.com</database>
	</source>
	<size>
		<width>640</width>
		<height>640</height>
		<depth>3</depth>
	</size>
	<segmented>0</segmented>
	<object>
		<name>Plate</name>
		<pose>Unspecified</pose>
		<truncated>0</truncated>
		<difficult>0</difficult>
		<occluded>0</occluded>
		<bndbox>
			<xmin>8</xmin>
			<xmax>432</xmax>
			<ymin>107</ymin>
			<ymax>508</ymax>
		</bndbox>
	</object>
	<object>
		<name>Plate</name>
		<pose>Unspecified</pose>
		<truncated>0</truncated>
		<difficult>0</difficult>
		<occluded>0</occluded>
		<bndbox>
			<xmin>27</xmin>
			<xmax>599</xmax>
			<ymin>2</ymin>
			<ymax>576</ymax>
		</bndbox>
	</object>
</annotation>
