<annotation>
	<folder></folder>
	<filename>39_jpg.rf.337066ab78610b103b9d3635bb7a7e77.jpg</filename>
	<path>39_jpg.rf.337066ab78610b103b9d3635bb7a7e77.jpg</path>
	<source>
		<database>roboflow.com</database>
	</source>
	<size>
		<width>640</width>
		<height>640</height>
		<depth>3</depth>
	</size>
	<segmented>0</segmented>
	<object>
		<name>Plate</name>
		<pose>Unspecified</pose>
		<truncated>0</truncated>
		<difficult>0</difficult>
		<occluded>0</occluded>
		<bndbox>
			<xmin>30</xmin>
			<xmax>364</xmax>
			<ymin>42</ymin>
			<ymax>373</ymax>
		</bndbox>
	</object>
	<object>
		<name>Plate</name>
		<pose>Unspecified</pose>
		<truncated>0</truncated>
		<difficult>0</difficult>
		<occluded>0</occluded>
		<bndbox>
			<xmin>232</xmin>
			<xmax>595</xmax>
			<ymin>201</ymin>
			<ymax>577</ymax>
		</bndbox>
	</object>
</annotation>
