<annotation>
	<folder></folder>
	<filename>39_jpg.rf.4052d8328867d83db115bbfbbeef1e1e.jpg</filename>
	<path>39_jpg.rf.4052d8328867d83db115bbfbbeef1e1e.jpg</path>
	<source>
		<database>roboflow.com</database>
	</source>
	<size>
		<width>640</width>
		<height>640</height>
		<depth>3</depth>
	</size>
	<segmented>0</segmented>
	<object>
		<name>Plate</name>
		<pose>Unspecified</pose>
		<truncated>0</truncated>
		<difficult>0</difficult>
		<occluded>0</occluded>
		<bndbox>
			<xmin>42</xmin>
			<xmax>373</xmax>
			<ymin>30</ymin>
			<ymax>364</ymax>
		</bndbox>
	</object>
	<object>
		<name>Plate</name>
		<pose>Unspecified</pose>
		<truncated>0</truncated>
		<difficult>0</difficult>
		<occluded>0</occluded>
		<bndbox>
			<xmin>201</xmin>
			<xmax>577</xmax>
			<ymin>232</ymin>
			<ymax>595</ymax>
		</bndbox>
	</object>
</annotation>
