<annotation>
	<folder></folder>
	<filename>39_jpg.rf.7b3d1635b694bbb8dbbe05c9f3e91fc7.jpg</filename>
	<path>39_jpg.rf.7b3d1635b694bbb8dbbe05c9f3e91fc7.jpg</path>
	<source>
		<database>roboflow.com</database>
	</source>
	<size>
		<width>640</width>
		<height>640</height>
		<depth>3</depth>
	</size>
	<segmented>0</segmented>
	<object>
		<name>Plate</name>
		<pose>Unspecified</pose>
		<truncated>0</truncated>
		<difficult>0</difficult>
		<occluded>0</occluded>
		<bndbox>
			<xmin>278</xmin>
			<xmax>612</xmax>
			<ymin>269</ymin>
			<ymax>600</ymax>
		</bndbox>
	</object>
	<object>
		<name>Plate</name>
		<pose>Unspecified</pose>
		<truncated>0</truncated>
		<difficult>0</difficult>
		<occluded>0</occluded>
		<bndbox>
			<xmin>47</xmin>
			<xmax>410</xmax>
			<ymin>65</ymin>
			<ymax>441</ymax>
		</bndbox>
	</object>
</annotation>
