<annotation>
	<folder></folder>
	<filename>40_jpg.rf.3aa996ffa60b45c76514973bdce5f515.jpg</filename>
	<path>40_jpg.rf.3aa996ffa60b45c76514973bdce5f515.jpg</path>
	<source>
		<database>roboflow.com</database>
	</source>
	<size>
		<width>640</width>
		<height>640</height>
		<depth>3</depth>
	</size>
	<segmented>0</segmented>
	<object>
		<name>Plate</name>
		<pose>Unspecified</pose>
		<truncated>0</truncated>
		<difficult>0</difficult>
		<occluded>0</occluded>
		<bndbox>
			<xmin>34</xmin>
			<xmax>570</xmax>
			<ymin>2</ymin>
			<ymax>222</ymax>
		</bndbox>
	</object>
	<object>
		<name>Plate</name>
		<pose>Unspecified</pose>
		<truncated>0</truncated>
		<difficult>0</difficult>
		<occluded>0</occluded>
		<bndbox>
			<xmin>112</xmin>
			<xmax>522</xmax>
			<ymin>109</ymin>
			<ymax>388</ymax>
		</bndbox>
	</object>
	<object>
		<name>Plate</name>
		<pose>Unspecified</pose>
		<truncated>0</truncated>
		<difficult>0</difficult>
		<occluded>0</occluded>
		<bndbox>
			<xmin>133</xmin>
			<xmax>597</xmax>
			<ymin>220</ymin>
			<ymax>604</ymax>
		</bndbox>
	</object>
</annotation>
