<annotation>
	<folder></folder>
	<filename>40_jpg.rf.c0182788cb1b16eff21a2ac39763edd3.jpg</filename>
	<path>40_jpg.rf.c0182788cb1b16eff21a2ac39763edd3.jpg</path>
	<source>
		<database>roboflow.com</database>
	</source>
	<size>
		<width>640</width>
		<height>640</height>
		<depth>3</depth>
	</size>
	<segmented>0</segmented>
	<object>
		<name>Plate</name>
		<pose>Unspecified</pose>
		<truncated>0</truncated>
		<difficult>0</difficult>
		<occluded>0</occluded>
		<bndbox>
			<xmin>34</xmin>
			<xmax>570</xmax>
			<ymin>420</ymin>
			<ymax>641</ymax>
		</bndbox>
	</object>
	<object>
		<name>Plate</name>
		<pose>Unspecified</pose>
		<truncated>0</truncated>
		<difficult>0</difficult>
		<occluded>0</occluded>
		<bndbox>
			<xmin>112</xmin>
			<xmax>522</xmax>
			<ymin>255</ymin>
			<ymax>534</ymax>
		</bndbox>
	</object>
	<object>
		<name>Plate</name>
		<pose>Unspecified</pose>
		<truncated>0</truncated>
		<difficult>0</difficult>
		<occluded>0</occluded>
		<bndbox>
			<xmin>133</xmin>
			<xmax>597</xmax>
			<ymin>39</ymin>
			<ymax>423</ymax>
		</bndbox>
	</object>
</annotation>
