<annotation>
	<folder></folder>
	<filename>43_jpg.rf.10fc951220adc0d994fd4d959ece7109.jpg</filename>
	<path>43_jpg.rf.10fc951220adc0d994fd4d959ece7109.jpg</path>
	<source>
		<database>roboflow.com</database>
	</source>
	<size>
		<width>640</width>
		<height>640</height>
		<depth>3</depth>
	</size>
	<segmented>0</segmented>
	<object>
		<name>Plate</name>
		<pose>Unspecified</pose>
		<truncated>0</truncated>
		<difficult>0</difficult>
		<occluded>0</occluded>
		<bndbox>
			<xmin>116</xmin>
			<xmax>536</xmax>
			<ymin>14</ymin>
			<ymax>310</ymax>
		</bndbox>
	</object>
	<object>
		<name>Plate</name>
		<pose>Unspecified</pose>
		<truncated>0</truncated>
		<difficult>0</difficult>
		<occluded>0</occluded>
		<bndbox>
			<xmin>22</xmin>
			<xmax>583</xmax>
			<ymin>311</ymin>
			<ymax>641</ymax>
		</bndbox>
	</object>
</annotation>
