<annotation>
	<folder></folder>
	<filename>43_jpg.rf.a112ac7b23cda251efbc82f0476a375b.jpg</filename>
	<path>43_jpg.rf.a112ac7b23cda251efbc82f0476a375b.jpg</path>
	<source>
		<database>roboflow.com</database>
	</source>
	<size>
		<width>640</width>
		<height>640</height>
		<depth>3</depth>
	</size>
	<segmented>0</segmented>
	<object>
		<name>Plate</name>
		<pose>Unspecified</pose>
		<truncated>0</truncated>
		<difficult>0</difficult>
		<occluded>0</occluded>
		<bndbox>
			<xmin>333</xmin>
			<xmax>629</xmax>
			<ymin>116</ymin>
			<ymax>536</ymax>
		</bndbox>
	</object>
	<object>
		<name>Plate</name>
		<pose>Unspecified</pose>
		<truncated>0</truncated>
		<difficult>0</difficult>
		<occluded>0</occluded>
		<bndbox>
			<xmin>1</xmin>
			<xmax>331</xmax>
			<ymin>22</ymin>
			<ymax>583</ymax>
		</bndbox>
	</object>
</annotation>
