<annotation>
	<folder></folder>
	<filename>44_jpg.rf.66d2fc46c36c92b005248a5f9a7c3741.jpg</filename>
	<path>44_jpg.rf.66d2fc46c36c92b005248a5f9a7c3741.jpg</path>
	<source>
		<database>roboflow.com</database>
	</source>
	<size>
		<width>640</width>
		<height>640</height>
		<depth>3</depth>
	</size>
	<segmented>0</segmented>
	<object>
		<name>Plate</name>
		<pose>Unspecified</pose>
		<truncated>0</truncated>
		<difficult>0</difficult>
		<occluded>0</occluded>
		<bndbox>
			<xmin>214</xmin>
			<xmax>335</xmax>
			<ymin>146</ymin>
			<ymax>528</ymax>
		</bndbox>
	</object>
	<object>
		<name>Plate</name>
		<pose>Unspecified</pose>
		<truncated>0</truncated>
		<difficult>0</difficult>
		<occluded>0</occluded>
		<bndbox>
			<xmin>327</xmin>
			<xmax>535</xmax>
			<ymin>55</ymin>
			<ymax>637</ymax>
		</bndbox>
	</object>
</annotation>
