<annotation>
	<folder></folder>
	<filename>44_jpg.rf.25b4c2a0a4daff908beca1bd90d0a5a0.jpg</filename>
	<path>44_jpg.rf.25b4c2a0a4daff908beca1bd90d0a5a0.jpg</path>
	<source>
		<database>roboflow.com</database>
	</source>
	<size>
		<width>640</width>
		<height>640</height>
		<depth>3</depth>
	</size>
	<segmented>0</segmented>
	<object>
		<name>Plate</name>
		<pose>Unspecified</pose>
		<truncated>0</truncated>
		<difficult>0</difficult>
		<occluded>0</occluded>
		<bndbox>
			<xmin>307</xmin>
			<xmax>428</xmax>
			<ymin>146</ymin>
			<ymax>528</ymax>
		</bndbox>
	</object>
	<object>
		<name>Plate</name>
		<pose>Unspecified</pose>
		<truncated>0</truncated>
		<difficult>0</difficult>
		<occluded>0</occluded>
		<bndbox>
			<xmin>108</xmin>
			<xmax>316</xmax>
			<ymin>55</ymin>
			<ymax>637</ymax>
		</bndbox>
	</object>
</annotation>
