<annotation>
	<folder></folder>
	<filename>45_jpg.rf.8ac3882b003e1a40e5f59c08f4b93298.jpg</filename>
	<path>45_jpg.rf.8ac3882b003e1a40e5f59c08f4b93298.jpg</path>
	<source>
		<database>roboflow.com</database>
	</source>
	<size>
		<width>640</width>
		<height>640</height>
		<depth>3</depth>
	</size>
	<segmented>0</segmented>
	<object>
		<name>Plate</name>
		<pose>Unspecified</pose>
		<truncated>0</truncated>
		<difficult>0</difficult>
		<occluded>0</occluded>
		<bndbox>
			<xmin>58</xmin>
			<xmax>592</xmax>
			<ymin>57</ymin>
			<ymax>588</ymax>
		</bndbox>
	</object>
</annotation>
