<annotation>
	<folder></folder>
	<filename>45_jpg.rf.ab40650d01754b40fa8d5e989a4edb76.jpg</filename>
	<path>45_jpg.rf.ab40650d01754b40fa8d5e989a4edb76.jpg</path>
	<source>
		<database>roboflow.com</database>
	</source>
	<size>
		<width>640</width>
		<height>640</height>
		<depth>3</depth>
	</size>
	<segmented>0</segmented>
	<object>
		<name>Plate</name>
		<pose>Unspecified</pose>
		<truncated>0</truncated>
		<difficult>0</difficult>
		<occluded>0</occluded>
		<bndbox>
			<xmin>58</xmin>
			<xmax>592</xmax>
			<ymin>55</ymin>
			<ymax>586</ymax>
		</bndbox>
	</object>
</annotation>
