<annotation>
	<folder></folder>
	<filename>45_jpg.rf.cc8006b758f3410cb280ce045e1a1943.jpg</filename>
	<path>45_jpg.rf.cc8006b758f3410cb280ce045e1a1943.jpg</path>
	<source>
		<database>roboflow.com</database>
	</source>
	<size>
		<width>640</width>
		<height>640</height>
		<depth>3</depth>
	</size>
	<segmented>0</segmented>
	<object>
		<name>Plate</name>
		<pose>Unspecified</pose>
		<truncated>0</truncated>
		<difficult>0</difficult>
		<occluded>0</occluded>
		<bndbox>
			<xmin>51</xmin>
			<xmax>585</xmax>
			<ymin>57</ymin>
			<ymax>588</ymax>
		</bndbox>
	</object>
</annotation>
