<annotation>
	<folder></folder>
	<filename>47_jpg.rf.640c7ffb386dfa7b25064663ca781257.jpg</filename>
	<path>47_jpg.rf.640c7ffb386dfa7b25064663ca781257.jpg</path>
	<source>
		<database>roboflow.com</database>
	</source>
	<size>
		<width>640</width>
		<height>640</height>
		<depth>3</depth>
	</size>
	<segmented>0</segmented>
	<object>
		<name>Plate</name>
		<pose>Unspecified</pose>
		<truncated>0</truncated>
		<difficult>0</difficult>
		<occluded>0</occluded>
		<bndbox>
			<xmin>27</xmin>
			<xmax>622</xmax>
			<ymin>49</ymin>
			<ymax>571</ymax>
		</bndbox>
	</object>
</annotation>
