<annotation>
	<folder></folder>
	<filename>47_jpg.rf.c582a47b1e3031e22717f889a3698a3d.jpg</filename>
	<path>47_jpg.rf.c582a47b1e3031e22717f889a3698a3d.jpg</path>
	<source>
		<database>roboflow.com</database>
	</source>
	<size>
		<width>640</width>
		<height>640</height>
		<depth>3</depth>
	</size>
	<segmented>0</segmented>
	<object>
		<name>Plate</name>
		<pose>Unspecified</pose>
		<truncated>0</truncated>
		<difficult>0</difficult>
		<occluded>0</occluded>
		<bndbox>
			<xmin>49</xmin>
			<xmax>571</xmax>
			<ymin>21</ymin>
			<ymax>616</ymax>
		</bndbox>
	</object>
</annotation>
