<annotation>
	<folder></folder>
	<filename>48_jpg.rf.d3be1c4aee22d34a571f2dc3e08f2243.jpg</filename>
	<path>48_jpg.rf.d3be1c4aee22d34a571f2dc3e08f2243.jpg</path>
	<source>
		<database>roboflow.com</database>
	</source>
	<size>
		<width>640</width>
		<height>640</height>
		<depth>3</depth>
	</size>
	<segmented>0</segmented>
	<object>
		<name>Plate</name>
		<pose>Unspecified</pose>
		<truncated>0</truncated>
		<difficult>0</difficult>
		<occluded>0</occluded>
		<bndbox>
			<xmin>29</xmin>
			<xmax>445</xmax>
			<ymin>114</ymin>
			<ymax>641</ymax>
		</bndbox>
	</object>
	<object>
		<name>Plate</name>
		<pose>Unspecified</pose>
		<truncated>0</truncated>
		<difficult>0</difficult>
		<occluded>0</occluded>
		<bndbox>
			<xmin>423</xmin>
			<xmax>641</xmax>
			<ymin>1</ymin>
			<ymax>373</ymax>
		</bndbox>
	</object>
	<object>
		<name>Plate</name>
		<pose>Unspecified</pose>
		<truncated>0</truncated>
		<difficult>0</difficult>
		<occluded>0</occluded>
		<bndbox>
			<xmin>454</xmin>
			<xmax>641</xmax>
			<ymin>332</ymin>
			<ymax>641</ymax>
		</bndbox>
	</object>
</annotation>
