<annotation>
	<folder></folder>
	<filename>48_jpg.rf.91922893115a2b2024fd11c1a25e6dfb.jpg</filename>
	<path>48_jpg.rf.91922893115a2b2024fd11c1a25e6dfb.jpg</path>
	<source>
		<database>roboflow.com</database>
	</source>
	<size>
		<width>640</width>
		<height>640</height>
		<depth>3</depth>
	</size>
	<segmented>0</segmented>
	<object>
		<name>Plate</name>
		<pose>Unspecified</pose>
		<truncated>0</truncated>
		<difficult>0</difficult>
		<occluded>0</occluded>
		<bndbox>
			<xmin>114</xmin>
			<xmax>641</xmax>
			<ymin>197</ymin>
			<ymax>613</ymax>
		</bndbox>
	</object>
	<object>
		<name>Plate</name>
		<pose>Unspecified</pose>
		<truncated>0</truncated>
		<difficult>0</difficult>
		<occluded>0</occluded>
		<bndbox>
			<xmin>1</xmin>
			<xmax>373</xmax>
			<ymin>1</ymin>
			<ymax>219</ymax>
		</bndbox>
	</object>
	<object>
		<name>Plate</name>
		<pose>Unspecified</pose>
		<truncated>0</truncated>
		<difficult>0</difficult>
		<occluded>0</occluded>
		<bndbox>
			<xmin>332</xmin>
			<xmax>641</xmax>
			<ymin>1</ymin>
			<ymax>188</ymax>
		</bndbox>
	</object>
</annotation>
