<annotation>
	<folder></folder>
	<filename>49_jpg.rf.703270fc689d08a9410799a441a50d78.jpg</filename>
	<path>49_jpg.rf.703270fc689d08a9410799a441a50d78.jpg</path>
	<source>
		<database>roboflow.com</database>
	</source>
	<size>
		<width>640</width>
		<height>640</height>
		<depth>3</depth>
	</size>
	<segmented>0</segmented>
	<object>
		<name>Plate</name>
		<pose>Unspecified</pose>
		<truncated>0</truncated>
		<difficult>0</difficult>
		<occluded>0</occluded>
		<bndbox>
			<xmin>149</xmin>
			<xmax>493</xmax>
			<ymin>15</ymin>
			<ymax>611</ymax>
		</bndbox>
	</object>
</annotation>
