<annotation>
	<folder></folder>
	<filename>49_jpg.rf.72e35dc696e5dee55d6349f58b95c4ec.jpg</filename>
	<path>49_jpg.rf.72e35dc696e5dee55d6349f58b95c4ec.jpg</path>
	<source>
		<database>roboflow.com</database>
	</source>
	<size>
		<width>640</width>
		<height>640</height>
		<depth>3</depth>
	</size>
	<segmented>0</segmented>
	<object>
		<name>Plate</name>
		<pose>Unspecified</pose>
		<truncated>0</truncated>
		<difficult>0</difficult>
		<occluded>0</occluded>
		<bndbox>
			<xmin>15</xmin>
			<xmax>611</xmax>
			<ymin>149</ymin>
			<ymax>493</ymax>
		</bndbox>
	</object>
</annotation>
