<annotation>
	<folder></folder>
	<filename>4_jpg.rf.538938f48fa3ae28a9aaebb64f6d5ee9.jpg</filename>
	<path>4_jpg.rf.538938f48fa3ae28a9aaebb64f6d5ee9.jpg</path>
	<source>
		<database>roboflow.com</database>
	</source>
	<size>
		<width>640</width>
		<height>640</height>
		<depth>3</depth>
	</size>
	<segmented>0</segmented>
	<object>
		<name>Plate</name>
		<pose>Unspecified</pose>
		<truncated>0</truncated>
		<difficult>0</difficult>
		<occluded>0</occluded>
		<bndbox>
			<xmin>33</xmin>
			<xmax>615</xmax>
			<ymin>126</ymin>
			<ymax>557</ymax>
		</bndbox>
	</object>
</annotation>
