<annotation>
	<folder></folder>
	<filename>4_jpg.rf.32f89175646debd37793ea05a7f7aa4e.jpg</filename>
	<path>4_jpg.rf.32f89175646debd37793ea05a7f7aa4e.jpg</path>
	<source>
		<database>roboflow.com</database>
	</source>
	<size>
		<width>640</width>
		<height>640</height>
		<depth>3</depth>
	</size>
	<segmented>0</segmented>
	<object>
		<name>Plate</name>
		<pose>Unspecified</pose>
		<truncated>0</truncated>
		<difficult>0</difficult>
		<occluded>0</occluded>
		<bndbox>
			<xmin>86</xmin>
			<xmax>517</xmax>
			<ymin>33</ymin>
			<ymax>615</ymax>
		</bndbox>
	</object>
</annotation>
