<annotation>
	<folder></folder>
	<filename>50_jpg.rf.66d7815bd4b4d56222b2f25c3400251a.jpg</filename>
	<path>50_jpg.rf.66d7815bd4b4d56222b2f25c3400251a.jpg</path>
	<source>
		<database>roboflow.com</database>
	</source>
	<size>
		<width>640</width>
		<height>640</height>
		<depth>3</depth>
	</size>
	<segmented>0</segmented>
	<object>
		<name>Plate</name>
		<pose>Unspecified</pose>
		<truncated>0</truncated>
		<difficult>0</difficult>
		<occluded>0</occluded>
		<bndbox>
			<xmin>261</xmin>
			<xmax>506</xmax>
			<ymin>63</ymin>
			<ymax>449</ymax>
		</bndbox>
	</object>
	<object>
		<name>Plate</name>
		<pose>Unspecified</pose>
		<truncated>0</truncated>
		<difficult>0</difficult>
		<occluded>0</occluded>
		<bndbox>
			<xmin>207</xmin>
			<xmax>535</xmax>
			<ymin>30</ymin>
			<ymax>500</ymax>
		</bndbox>
	</object>
	<object>
		<name>Plate</name>
		<pose>Unspecified</pose>
		<truncated>0</truncated>
		<difficult>0</difficult>
		<occluded>0</occluded>
		<bndbox>
			<xmin>75</xmin>
			<xmax>561</xmax>
			<ymin>1</ymin>
			<ymax>605</ymax>
		</bndbox>
	</object>
</annotation>
