<annotation>
	<folder></folder>
	<filename>50_jpg.rf.bfc902755c8086ccd0e39ac03b2acea0.jpg</filename>
	<path>50_jpg.rf.bfc902755c8086ccd0e39ac03b2acea0.jpg</path>
	<source>
		<database>roboflow.com</database>
	</source>
	<size>
		<width>640</width>
		<height>640</height>
		<depth>3</depth>
	</size>
	<segmented>0</segmented>
	<object>
		<name>Plate</name>
		<pose>Unspecified</pose>
		<truncated>0</truncated>
		<difficult>0</difficult>
		<occluded>0</occluded>
		<bndbox>
			<xmin>63</xmin>
			<xmax>449</xmax>
			<ymin>261</ymin>
			<ymax>506</ymax>
		</bndbox>
	</object>
	<object>
		<name>Plate</name>
		<pose>Unspecified</pose>
		<truncated>0</truncated>
		<difficult>0</difficult>
		<occluded>0</occluded>
		<bndbox>
			<xmin>30</xmin>
			<xmax>500</xmax>
			<ymin>207</ymin>
			<ymax>535</ymax>
		</bndbox>
	</object>
	<object>
		<name>Plate</name>
		<pose>Unspecified</pose>
		<truncated>0</truncated>
		<difficult>0</difficult>
		<occluded>0</occluded>
		<bndbox>
			<xmin>1</xmin>
			<xmax>605</xmax>
			<ymin>75</ymin>
			<ymax>561</ymax>
		</bndbox>
	</object>
</annotation>
