<annotation>
	<folder></folder>
	<filename>51_jpg.rf.516f5f0c84a64a336bdd73dbeef9f8f4.jpg</filename>
	<path>51_jpg.rf.516f5f0c84a64a336bdd73dbeef9f8f4.jpg</path>
	<source>
		<database>roboflow.com</database>
	</source>
	<size>
		<width>640</width>
		<height>640</height>
		<depth>3</depth>
	</size>
	<segmented>0</segmented>
	<object>
		<name>Plate</name>
		<pose>Unspecified</pose>
		<truncated>0</truncated>
		<difficult>0</difficult>
		<occluded>0</occluded>
		<bndbox>
			<xmin>15</xmin>
			<xmax>635</xmax>
			<ymin>57</ymin>
			<ymax>632</ymax>
		</bndbox>
	</object>
</annotation>
