<annotation>
	<folder></folder>
	<filename>53_jpg.rf.9b425c4e13b8294283d5172349aae1b1.jpg</filename>
	<path>53_jpg.rf.9b425c4e13b8294283d5172349aae1b1.jpg</path>
	<source>
		<database>roboflow.com</database>
	</source>
	<size>
		<width>640</width>
		<height>640</height>
		<depth>3</depth>
	</size>
	<segmented>0</segmented>
	<object>
		<name>Plate</name>
		<pose>Unspecified</pose>
		<truncated>0</truncated>
		<difficult>0</difficult>
		<occluded>0</occluded>
		<bndbox>
			<xmin>22</xmin>
			<xmax>630</xmax>
			<ymin>57</ymin>
			<ymax>543</ymax>
		</bndbox>
	</object>
</annotation>
