<annotation>
	<folder></folder>
	<filename>53_jpg.rf.133261b83d460e3b4b89de5b2b3c6bc6.jpg</filename>
	<path>53_jpg.rf.133261b83d460e3b4b89de5b2b3c6bc6.jpg</path>
	<source>
		<database>roboflow.com</database>
	</source>
	<size>
		<width>640</width>
		<height>640</height>
		<depth>3</depth>
	</size>
	<segmented>0</segmented>
	<object>
		<name>Plate</name>
		<pose>Unspecified</pose>
		<truncated>0</truncated>
		<difficult>0</difficult>
		<occluded>0</occluded>
		<bndbox>
			<xmin>100</xmin>
			<xmax>586</xmax>
			<ymin>22</ymin>
			<ymax>630</ymax>
		</bndbox>
	</object>
</annotation>
