<annotation>
	<folder></folder>
	<filename>56_jpg.rf.382b8229710ded118e01429bb328837b.jpg</filename>
	<path>56_jpg.rf.382b8229710ded118e01429bb328837b.jpg</path>
	<source>
		<database>roboflow.com</database>
	</source>
	<size>
		<width>640</width>
		<height>640</height>
		<depth>3</depth>
	</size>
	<segmented>0</segmented>
	<object>
		<name>Plate</name>
		<pose>Unspecified</pose>
		<truncated>0</truncated>
		<difficult>0</difficult>
		<occluded>0</occluded>
		<bndbox>
			<xmin>182</xmin>
			<xmax>556</xmax>
			<ymin>190</ymin>
			<ymax>466</ymax>
		</bndbox>
	</object>
</annotation>
