<annotation>
	<folder></folder>
	<filename>56_jpg.rf.ab305367a67587e91ae831686d3509f7.jpg</filename>
	<path>56_jpg.rf.ab305367a67587e91ae831686d3509f7.jpg</path>
	<source>
		<database>roboflow.com</database>
	</source>
	<size>
		<width>640</width>
		<height>640</height>
		<depth>3</depth>
	</size>
	<segmented>0</segmented>
	<object>
		<name>Plate</name>
		<pose>Unspecified</pose>
		<truncated>0</truncated>
		<difficult>0</difficult>
		<occluded>0</occluded>
		<bndbox>
			<xmin>190</xmin>
			<xmax>466</xmax>
			<ymin>86</ymin>
			<ymax>460</ymax>
		</bndbox>
	</object>
</annotation>
