<annotation>
	<folder></folder>
	<filename>57_jpg.rf.0a40c663777648e56ddeb1e62ee6bdd3.jpg</filename>
	<path>57_jpg.rf.0a40c663777648e56ddeb1e62ee6bdd3.jpg</path>
	<source>
		<database>roboflow.com</database>
	</source>
	<size>
		<width>640</width>
		<height>640</height>
		<depth>3</depth>
	</size>
	<segmented>0</segmented>
	<object>
		<name>Plate</name>
		<pose>Unspecified</pose>
		<truncated>0</truncated>
		<difficult>0</difficult>
		<occluded>0</occluded>
		<bndbox>
			<xmin>57</xmin>
			<xmax>633</xmax>
			<ymin>38</ymin>
			<ymax>562</ymax>
		</bndbox>
	</object>
</annotation>
