<annotation>
	<folder></folder>
	<filename>57_jpg.rf.b008da6d7173c0d82097a8fd60764077.jpg</filename>
	<path>57_jpg.rf.b008da6d7173c0d82097a8fd60764077.jpg</path>
	<source>
		<database>roboflow.com</database>
	</source>
	<size>
		<width>640</width>
		<height>640</height>
		<depth>3</depth>
	</size>
	<segmented>0</segmented>
	<object>
		<name>Plate</name>
		<pose>Unspecified</pose>
		<truncated>0</truncated>
		<difficult>0</difficult>
		<occluded>0</occluded>
		<bndbox>
			<xmin>80</xmin>
			<xmax>604</xmax>
			<ymin>9</ymin>
			<ymax>585</ymax>
		</bndbox>
	</object>
</annotation>
