<annotation>
	<folder></folder>
	<filename>58_jpg.rf.d9020b2b81e04e512c8e5224dbd676d3.jpg</filename>
	<path>58_jpg.rf.d9020b2b81e04e512c8e5224dbd676d3.jpg</path>
	<source>
		<database>roboflow.com</database>
	</source>
	<size>
		<width>640</width>
		<height>640</height>
		<depth>3</depth>
	</size>
	<segmented>0</segmented>
	<object>
		<name>Plate</name>
		<pose>Unspecified</pose>
		<truncated>0</truncated>
		<difficult>0</difficult>
		<occluded>0</occluded>
		<bndbox>
			<xmin>104</xmin>
			<xmax>601</xmax>
			<ymin>73</ymin>
			<ymax>559</ymax>
		</bndbox>
	</object>
</annotation>
