<annotation>
	<folder></folder>
	<filename>58_jpg.rf.0583ad7e482a6543225d729ceb3b0687.jpg</filename>
	<path>58_jpg.rf.0583ad7e482a6543225d729ceb3b0687.jpg</path>
	<source>
		<database>roboflow.com</database>
	</source>
	<size>
		<width>640</width>
		<height>640</height>
		<depth>3</depth>
	</size>
	<segmented>0</segmented>
	<object>
		<name>Plate</name>
		<pose>Unspecified</pose>
		<truncated>0</truncated>
		<difficult>0</difficult>
		<occluded>0</occluded>
		<bndbox>
			<xmin>73</xmin>
			<xmax>559</xmax>
			<ymin>41</ymin>
			<ymax>538</ymax>
		</bndbox>
	</object>
</annotation>
