<annotation>
	<folder></folder>
	<filename>5_jpg.rf.2c15a0142c7678ba255a991782d64ca7.jpg</filename>
	<path>5_jpg.rf.2c15a0142c7678ba255a991782d64ca7.jpg</path>
	<source>
		<database>roboflow.com</database>
	</source>
	<size>
		<width>640</width>
		<height>640</height>
		<depth>3</depth>
	</size>
	<segmented>0</segmented>
	<object>
		<name>Plate</name>
		<pose>Unspecified</pose>
		<truncated>0</truncated>
		<difficult>0</difficult>
		<occluded>0</occluded>
		<bndbox>
			<xmin>87</xmin>
			<xmax>525</xmax>
			<ymin>100</ymin>
			<ymax>486</ymax>
		</bndbox>
	</object>
</annotation>
