<annotation>
	<folder></folder>
	<filename>61_jpg.rf.4fa583cc4aa923bc361edb3c59a0e2a4.jpg</filename>
	<path>61_jpg.rf.4fa583cc4aa923bc361edb3c59a0e2a4.jpg</path>
	<source>
		<database>roboflow.com</database>
	</source>
	<size>
		<width>640</width>
		<height>640</height>
		<depth>3</depth>
	</size>
	<segmented>0</segmented>
	<object>
		<name>Plate</name>
		<pose>Unspecified</pose>
		<truncated>0</truncated>
		<difficult>0</difficult>
		<occluded>0</occluded>
		<bndbox>
			<xmin>333</xmin>
			<xmax>641</xmax>
			<ymin>28</ymin>
			<ymax>277</ymax>
		</bndbox>
	</object>
	<object>
		<name>Plate</name>
		<pose>Unspecified</pose>
		<truncated>0</truncated>
		<difficult>0</difficult>
		<occluded>0</occluded>
		<bndbox>
			<xmin>377</xmin>
			<xmax>641</xmax>
			<ymin>126</ymin>
			<ymax>376</ymax>
		</bndbox>
	</object>
	<object>
		<name>Plate</name>
		<pose>Unspecified</pose>
		<truncated>0</truncated>
		<difficult>0</difficult>
		<occluded>0</occluded>
		<bndbox>
			<xmin>222</xmin>
			<xmax>552</xmax>
			<ymin>404</ymin>
			<ymax>638</ymax>
		</bndbox>
	</object>
	<object>
		<name>Plate</name>
		<pose>Unspecified</pose>
		<truncated>0</truncated>
		<difficult>0</difficult>
		<occluded>0</occluded>
		<bndbox>
			<xmin>91</xmin>
			<xmax>581</xmax>
			<ymin>271</ymin>
			<ymax>551</ymax>
		</bndbox>
	</object>
</annotation>
