<annotation>
	<folder></folder>
	<filename>63_jpg.rf.525a3fcf13293d5eab6d82679a8ea3c7.jpg</filename>
	<path>63_jpg.rf.525a3fcf13293d5eab6d82679a8ea3c7.jpg</path>
	<source>
		<database>roboflow.com</database>
	</source>
	<size>
		<width>640</width>
		<height>640</height>
		<depth>3</depth>
	</size>
	<segmented>0</segmented>
	<object>
		<name>Plate</name>
		<pose>Unspecified</pose>
		<truncated>0</truncated>
		<difficult>0</difficult>
		<occluded>0</occluded>
		<bndbox>
			<xmin>21</xmin>
			<xmax>603</xmax>
			<ymin>74</ymin>
			<ymax>456</ymax>
		</bndbox>
	</object>
	<object>
		<name>Plate</name>
		<pose>Unspecified</pose>
		<truncated>0</truncated>
		<difficult>0</difficult>
		<occluded>0</occluded>
		<bndbox>
			<xmin>1</xmin>
			<xmax>616</xmax>
			<ymin>355</ymin>
			<ymax>551</ymax>
		</bndbox>
	</object>
</annotation>
