<annotation>
	<folder></folder>
	<filename>63_jpg.rf.fa2618e95aca3f4bfaf9b85358997f41.jpg</filename>
	<path>63_jpg.rf.fa2618e95aca3f4bfaf9b85358997f41.jpg</path>
	<source>
		<database>roboflow.com</database>
	</source>
	<size>
		<width>640</width>
		<height>640</height>
		<depth>3</depth>
	</size>
	<segmented>0</segmented>
	<object>
		<name>Plate</name>
		<pose>Unspecified</pose>
		<truncated>0</truncated>
		<difficult>0</difficult>
		<occluded>0</occluded>
		<bndbox>
			<xmin>74</xmin>
			<xmax>456</xmax>
			<ymin>39</ymin>
			<ymax>621</ymax>
		</bndbox>
	</object>
	<object>
		<name>Plate</name>
		<pose>Unspecified</pose>
		<truncated>0</truncated>
		<difficult>0</difficult>
		<occluded>0</occluded>
		<bndbox>
			<xmin>355</xmin>
			<xmax>551</xmax>
			<ymin>26</ymin>
			<ymax>641</ymax>
		</bndbox>
	</object>
</annotation>
