<annotation>
	<folder></folder>
	<filename>64_jpg.rf.c0cf5dc0d4403422a8f6a866b86b17e7.jpg</filename>
	<path>64_jpg.rf.c0cf5dc0d4403422a8f6a866b86b17e7.jpg</path>
	<source>
		<database>roboflow.com</database>
	</source>
	<size>
		<width>640</width>
		<height>640</height>
		<depth>3</depth>
	</size>
	<segmented>0</segmented>
	<object>
		<name>Plate</name>
		<pose>Unspecified</pose>
		<truncated>0</truncated>
		<difficult>0</difficult>
		<occluded>0</occluded>
		<bndbox>
			<xmin>274</xmin>
			<xmax>496</xmax>
			<ymin>126</ymin>
			<ymax>510</ymax>
		</bndbox>
	</object>
	<object>
		<name>Plate</name>
		<pose>Unspecified</pose>
		<truncated>0</truncated>
		<difficult>0</difficult>
		<occluded>0</occluded>
		<bndbox>
			<xmin>143</xmin>
			<xmax>394</xmax>
			<ymin>218</ymin>
			<ymax>508</ymax>
		</bndbox>
	</object>
</annotation>
