<annotation>
	<folder></folder>
	<filename>64_jpg.rf.a8d7e2e4ccf8e31e295b6247c526f072.jpg</filename>
	<path>64_jpg.rf.a8d7e2e4ccf8e31e295b6247c526f072.jpg</path>
	<source>
		<database>roboflow.com</database>
	</source>
	<size>
		<width>640</width>
		<height>640</height>
		<depth>3</depth>
	</size>
	<segmented>0</segmented>
	<object>
		<name>Plate</name>
		<pose>Unspecified</pose>
		<truncated>0</truncated>
		<difficult>0</difficult>
		<occluded>0</occluded>
		<bndbox>
			<xmin>132</xmin>
			<xmax>516</xmax>
			<ymin>274</ymin>
			<ymax>496</ymax>
		</bndbox>
	</object>
	<object>
		<name>Plate</name>
		<pose>Unspecified</pose>
		<truncated>0</truncated>
		<difficult>0</difficult>
		<occluded>0</occluded>
		<bndbox>
			<xmin>135</xmin>
			<xmax>425</xmax>
			<ymin>143</ymin>
			<ymax>394</ymax>
		</bndbox>
	</object>
</annotation>
