<annotation>
	<folder></folder>
	<filename>64_jpg.rf.7e60310f318302c93fad26ae5a91076c.jpg</filename>
	<path>64_jpg.rf.7e60310f318302c93fad26ae5a91076c.jpg</path>
	<source>
		<database>roboflow.com</database>
	</source>
	<size>
		<width>640</width>
		<height>640</height>
		<depth>3</depth>
	</size>
	<segmented>0</segmented>
	<object>
		<name>Plate</name>
		<pose>Unspecified</pose>
		<truncated>0</truncated>
		<difficult>0</difficult>
		<occluded>0</occluded>
		<bndbox>
			<xmin>126</xmin>
			<xmax>510</xmax>
			<ymin>274</ymin>
			<ymax>496</ymax>
		</bndbox>
	</object>
	<object>
		<name>Plate</name>
		<pose>Unspecified</pose>
		<truncated>0</truncated>
		<difficult>0</difficult>
		<occluded>0</occluded>
		<bndbox>
			<xmin>218</xmin>
			<xmax>508</xmax>
			<ymin>143</ymin>
			<ymax>394</ymax>
		</bndbox>
	</object>
</annotation>
