<annotation>
	<folder></folder>
	<filename>66_jpg.rf.b926f736d07fba74aa0c98a1718c6bc5.jpg</filename>
	<path>66_jpg.rf.b926f736d07fba74aa0c98a1718c6bc5.jpg</path>
	<source>
		<database>roboflow.com</database>
	</source>
	<size>
		<width>640</width>
		<height>640</height>
		<depth>3</depth>
	</size>
	<segmented>0</segmented>
	<object>
		<name>Plate</name>
		<pose>Unspecified</pose>
		<truncated>0</truncated>
		<difficult>0</difficult>
		<occluded>0</occluded>
		<bndbox>
			<xmin>108</xmin>
			<xmax>529</xmax>
			<ymin>25</ymin>
			<ymax>353</ymax>
		</bndbox>
	</object>
	<object>
		<name>Plate</name>
		<pose>Unspecified</pose>
		<truncated>0</truncated>
		<difficult>0</difficult>
		<occluded>0</occluded>
		<bndbox>
			<xmin>116</xmin>
			<xmax>554</xmax>
			<ymin>223</ymin>
			<ymax>506</ymax>
		</bndbox>
	</object>
	<object>
		<name>Plate</name>
		<pose>Unspecified</pose>
		<truncated>0</truncated>
		<difficult>0</difficult>
		<occluded>0</occluded>
		<bndbox>
			<xmin>122</xmin>
			<xmax>548</xmax>
			<ymin>356</ymin>
			<ymax>614</ymax>
		</bndbox>
	</object>
</annotation>
