<annotation>
	<folder></folder>
	<filename>66_jpg.rf.9705301d9768698d4167a2788da5270f.jpg</filename>
	<path>66_jpg.rf.9705301d9768698d4167a2788da5270f.jpg</path>
	<source>
		<database>roboflow.com</database>
	</source>
	<size>
		<width>640</width>
		<height>640</height>
		<depth>3</depth>
	</size>
	<segmented>0</segmented>
	<object>
		<name>Plate</name>
		<pose>Unspecified</pose>
		<truncated>0</truncated>
		<difficult>0</difficult>
		<occluded>0</occluded>
		<bndbox>
			<xmin>289</xmin>
			<xmax>617</xmax>
			<ymin>108</ymin>
			<ymax>529</ymax>
		</bndbox>
	</object>
	<object>
		<name>Plate</name>
		<pose>Unspecified</pose>
		<truncated>0</truncated>
		<difficult>0</difficult>
		<occluded>0</occluded>
		<bndbox>
			<xmin>137</xmin>
			<xmax>420</xmax>
			<ymin>116</ymin>
			<ymax>554</ymax>
		</bndbox>
	</object>
	<object>
		<name>Plate</name>
		<pose>Unspecified</pose>
		<truncated>0</truncated>
		<difficult>0</difficult>
		<occluded>0</occluded>
		<bndbox>
			<xmin>28</xmin>
			<xmax>286</xmax>
			<ymin>122</ymin>
			<ymax>548</ymax>
		</bndbox>
	</object>
</annotation>
