<annotation>
	<folder></folder>
	<filename>66_jpg.rf.060f800dda261acbd9401e11b5b8bbd7.jpg</filename>
	<path>66_jpg.rf.060f800dda261acbd9401e11b5b8bbd7.jpg</path>
	<source>
		<database>roboflow.com</database>
	</source>
	<size>
		<width>640</width>
		<height>640</height>
		<depth>3</depth>
	</size>
	<segmented>0</segmented>
	<object>
		<name>Plate</name>
		<pose>Unspecified</pose>
		<truncated>0</truncated>
		<difficult>0</difficult>
		<occluded>0</occluded>
		<bndbox>
			<xmin>113</xmin>
			<xmax>534</xmax>
			<ymin>289</ymin>
			<ymax>617</ymax>
		</bndbox>
	</object>
	<object>
		<name>Plate</name>
		<pose>Unspecified</pose>
		<truncated>0</truncated>
		<difficult>0</difficult>
		<occluded>0</occluded>
		<bndbox>
			<xmin>88</xmin>
			<xmax>526</xmax>
			<ymin>137</ymin>
			<ymax>420</ymax>
		</bndbox>
	</object>
	<object>
		<name>Plate</name>
		<pose>Unspecified</pose>
		<truncated>0</truncated>
		<difficult>0</difficult>
		<occluded>0</occluded>
		<bndbox>
			<xmin>94</xmin>
			<xmax>520</xmax>
			<ymin>28</ymin>
			<ymax>286</ymax>
		</bndbox>
	</object>
</annotation>
