<annotation>
	<folder></folder>
	<filename>6_jpg.rf.e244eccd80b8c0021b09403961dbd468.jpg</filename>
	<path>6_jpg.rf.e244eccd80b8c0021b09403961dbd468.jpg</path>
	<source>
		<database>roboflow.com</database>
	</source>
	<size>
		<width>640</width>
		<height>640</height>
		<depth>3</depth>
	</size>
	<segmented>0</segmented>
	<object>
		<name>Plate</name>
		<pose>Unspecified</pose>
		<truncated>0</truncated>
		<difficult>0</difficult>
		<occluded>0</occluded>
		<bndbox>
			<xmin>59</xmin>
			<xmax>525</xmax>
			<ymin>64</ymin>
			<ymax>599</ymax>
		</bndbox>
	</object>
</annotation>
