<annotation>
	<folder></folder>
	<filename>6_jpg.rf.e4d1704d17413a3c880a169bf85a6067.jpg</filename>
	<path>6_jpg.rf.e4d1704d17413a3c880a169bf85a6067.jpg</path>
	<source>
		<database>roboflow.com</database>
	</source>
	<size>
		<width>640</width>
		<height>640</height>
		<depth>3</depth>
	</size>
	<segmented>0</segmented>
	<object>
		<name>Plate</name>
		<pose>Unspecified</pose>
		<truncated>0</truncated>
		<difficult>0</difficult>
		<occluded>0</occluded>
		<bndbox>
			<xmin>43</xmin>
			<xmax>578</xmax>
			<ymin>59</ymin>
			<ymax>525</ymax>
		</bndbox>
	</object>
</annotation>
