<annotation>
	<folder></folder>
	<filename>6_jpg.rf.bfaee57e007c2ae6198bdb18e08c174a.jpg</filename>
	<path>6_jpg.rf.bfaee57e007c2ae6198bdb18e08c174a.jpg</path>
	<source>
		<database>roboflow.com</database>
	</source>
	<size>
		<width>640</width>
		<height>640</height>
		<depth>3</depth>
	</size>
	<segmented>0</segmented>
	<object>
		<name>Plate</name>
		<pose>Unspecified</pose>
		<truncated>0</truncated>
		<difficult>0</difficult>
		<occluded>0</occluded>
		<bndbox>
			<xmin>118</xmin>
			<xmax>584</xmax>
			<ymin>43</ymin>
			<ymax>578</ymax>
		</bndbox>
	</object>
</annotation>
