<annotation>
	<folder></folder>
	<filename>72_jpg.rf.1cef45d28ef373e3ed5179aae4a8455f.jpg</filename>
	<path>72_jpg.rf.1cef45d28ef373e3ed5179aae4a8455f.jpg</path>
	<source>
		<database>roboflow.com</database>
	</source>
	<size>
		<width>640</width>
		<height>640</height>
		<depth>3</depth>
	</size>
	<segmented>0</segmented>
	<object>
		<name>Plate</name>
		<pose>Unspecified</pose>
		<truncated>0</truncated>
		<difficult>0</difficult>
		<occluded>0</occluded>
		<bndbox>
			<xmin>317</xmin>
			<xmax>397</xmax>
			<ymin>151</ymin>
			<ymax>287</ymax>
		</bndbox>
	</object>
	<object>
		<name>Plate</name>
		<pose>Unspecified</pose>
		<truncated>0</truncated>
		<difficult>0</difficult>
		<occluded>0</occluded>
		<bndbox>
			<xmin>411</xmin>
			<xmax>477</xmax>
			<ymin>231</ymin>
			<ymax>332</ymax>
		</bndbox>
	</object>
	<object>
		<name>Plate</name>
		<pose>Unspecified</pose>
		<truncated>0</truncated>
		<difficult>0</difficult>
		<occluded>0</occluded>
		<bndbox>
			<xmin>590</xmin>
			<xmax>624</xmax>
			<ymin>174</ymin>
			<ymax>263</ymax>
		</bndbox>
	</object>
</annotation>
