<annotation>
	<folder></folder>
	<filename>72_jpg.rf.0ca2473ad61b4248bc8db526314dba2a.jpg</filename>
	<path>72_jpg.rf.0ca2473ad61b4248bc8db526314dba2a.jpg</path>
	<source>
		<database>roboflow.com</database>
	</source>
	<size>
		<width>640</width>
		<height>640</height>
		<depth>3</depth>
	</size>
	<segmented>0</segmented>
	<object>
		<name>Plate</name>
		<pose>Unspecified</pose>
		<truncated>0</truncated>
		<difficult>0</difficult>
		<occluded>0</occluded>
		<bndbox>
			<xmin>151</xmin>
			<xmax>287</xmax>
			<ymin>317</ymin>
			<ymax>397</ymax>
		</bndbox>
	</object>
	<object>
		<name>Plate</name>
		<pose>Unspecified</pose>
		<truncated>0</truncated>
		<difficult>0</difficult>
		<occluded>0</occluded>
		<bndbox>
			<xmin>231</xmin>
			<xmax>332</xmax>
			<ymin>411</ymin>
			<ymax>477</ymax>
		</bndbox>
	</object>
	<object>
		<name>Plate</name>
		<pose>Unspecified</pose>
		<truncated>0</truncated>
		<difficult>0</difficult>
		<occluded>0</occluded>
		<bndbox>
			<xmin>174</xmin>
			<xmax>263</xmax>
			<ymin>590</ymin>
			<ymax>624</ymax>
		</bndbox>
	</object>
</annotation>
