<annotation>
	<folder></folder>
	<filename>73_jpg.rf.f7cada576fc37e0f5199687e8ea350e6.jpg</filename>
	<path>73_jpg.rf.f7cada576fc37e0f5199687e8ea350e6.jpg</path>
	<source>
		<database>roboflow.com</database>
	</source>
	<size>
		<width>640</width>
		<height>640</height>
		<depth>3</depth>
	</size>
	<segmented>0</segmented>
	<object>
		<name>Plate</name>
		<pose>Unspecified</pose>
		<truncated>0</truncated>
		<difficult>0</difficult>
		<occluded>0</occluded>
		<bndbox>
			<xmin>332</xmin>
			<xmax>451</xmax>
			<ymin>150</ymin>
			<ymax>490</ymax>
		</bndbox>
	</object>
	<object>
		<name>Plate</name>
		<pose>Unspecified</pose>
		<truncated>0</truncated>
		<difficult>0</difficult>
		<occluded>0</occluded>
		<bndbox>
			<xmin>579</xmin>
			<xmax>641</xmax>
			<ymin>265</ymin>
			<ymax>472</ymax>
		</bndbox>
	</object>
</annotation>
