<annotation>
	<folder></folder>
	<filename>73_jpg.rf.a7df2ddf114a8236abe5a67c425944e7.jpg</filename>
	<path>73_jpg.rf.a7df2ddf114a8236abe5a67c425944e7.jpg</path>
	<source>
		<database>roboflow.com</database>
	</source>
	<size>
		<width>640</width>
		<height>640</height>
		<depth>3</depth>
	</size>
	<segmented>0</segmented>
	<object>
		<name>Plate</name>
		<pose>Unspecified</pose>
		<truncated>0</truncated>
		<difficult>0</difficult>
		<occluded>0</occluded>
		<bndbox>
			<xmin>192</xmin>
			<xmax>311</xmax>
			<ymin>150</ymin>
			<ymax>490</ymax>
		</bndbox>
	</object>
	<object>
		<name>Plate</name>
		<pose>Unspecified</pose>
		<truncated>0</truncated>
		<difficult>0</difficult>
		<occluded>0</occluded>
		<bndbox>
			<xmin>1</xmin>
			<xmax>63</xmax>
			<ymin>265</ymin>
			<ymax>472</ymax>
		</bndbox>
	</object>
</annotation>
