<annotation>
	<folder></folder>
	<filename>76_jpg.rf.dd0af24a43775fe5ee358f30d26ee465.jpg</filename>
	<path>76_jpg.rf.dd0af24a43775fe5ee358f30d26ee465.jpg</path>
	<source>
		<database>roboflow.com</database>
	</source>
	<size>
		<width>640</width>
		<height>640</height>
		<depth>3</depth>
	</size>
	<segmented>0</segmented>
	<object>
		<name>Plate</name>
		<pose>Unspecified</pose>
		<truncated>0</truncated>
		<difficult>0</difficult>
		<occluded>0</occluded>
		<bndbox>
			<xmin>289</xmin>
			<xmax>443</xmax>
			<ymin>221</ymin>
			<ymax>495</ymax>
		</bndbox>
	</object>
	<object>
		<name>Plate</name>
		<pose>Unspecified</pose>
		<truncated>0</truncated>
		<difficult>0</difficult>
		<occluded>0</occluded>
		<bndbox>
			<xmin>324</xmin>
			<xmax>514</xmax>
			<ymin>215</ymin>
			<ymax>565</ymax>
		</bndbox>
	</object>
	<object>
		<name>Plate</name>
		<pose>Unspecified</pose>
		<truncated>0</truncated>
		<difficult>0</difficult>
		<occluded>0</occluded>
		<bndbox>
			<xmin>227</xmin>
			<xmax>303</xmax>
			<ymin>184</ymin>
			<ymax>369</ymax>
		</bndbox>
	</object>
	<object>
		<name>Plate</name>
		<pose>Unspecified</pose>
		<truncated>0</truncated>
		<difficult>0</difficult>
		<occluded>0</occluded>
		<bndbox>
			<xmin>111</xmin>
			<xmax>187</xmax>
			<ymin>70</ymin>
			<ymax>222</ymax>
		</bndbox>
	</object>
</annotation>
