<annotation>
	<folder></folder>
	<filename>7_jpg.rf.5d45f7f081c22df955ba6e4e1475bfd0.jpg</filename>
	<path>7_jpg.rf.5d45f7f081c22df955ba6e4e1475bfd0.jpg</path>
	<source>
		<database>roboflow.com</database>
	</source>
	<size>
		<width>640</width>
		<height>640</height>
		<depth>3</depth>
	</size>
	<segmented>0</segmented>
	<object>
		<name>Plate</name>
		<pose>Unspecified</pose>
		<truncated>0</truncated>
		<difficult>0</difficult>
		<occluded>0</occluded>
		<bndbox>
			<xmin>87</xmin>
			<xmax>561</xmax>
			<ymin>110</ymin>
			<ymax>501</ymax>
		</bndbox>
	</object>
</annotation>
