<annotation>
	<folder></folder>
	<filename>7_jpg.rf.9dc4b7c542988a0b54c74edbf3a0b278.jpg</filename>
	<path>7_jpg.rf.9dc4b7c542988a0b54c74edbf3a0b278.jpg</path>
	<source>
		<database>roboflow.com</database>
	</source>
	<size>
		<width>640</width>
		<height>640</height>
		<depth>3</depth>
	</size>
	<segmented>0</segmented>
	<object>
		<name>Plate</name>
		<pose>Unspecified</pose>
		<truncated>0</truncated>
		<difficult>0</difficult>
		<occluded>0</occluded>
		<bndbox>
			<xmin>110</xmin>
			<xmax>501</xmax>
			<ymin>81</ymin>
			<ymax>555</ymax>
		</bndbox>
	</object>
</annotation>
