<annotation>
	<folder></folder>
	<filename>80_jpg.rf.774e0b489563cff256efa9aceb51c15a.jpg</filename>
	<path>80_jpg.rf.774e0b489563cff256efa9aceb51c15a.jpg</path>
	<source>
		<database>roboflow.com</database>
	</source>
	<size>
		<width>640</width>
		<height>640</height>
		<depth>3</depth>
	</size>
	<segmented>0</segmented>
	<object>
		<name>Plate</name>
		<pose>Unspecified</pose>
		<truncated>0</truncated>
		<difficult>0</difficult>
		<occluded>0</occluded>
		<bndbox>
			<xmin>310</xmin>
			<xmax>539</xmax>
			<ymin>97</ymin>
			<ymax>291</ymax>
		</bndbox>
	</object>
	<object>
		<name>Plate</name>
		<pose>Unspecified</pose>
		<truncated>0</truncated>
		<difficult>0</difficult>
		<occluded>0</occluded>
		<bndbox>
			<xmin>45</xmin>
			<xmax>313</xmax>
			<ymin>197</ymin>
			<ymax>429</ymax>
		</bndbox>
	</object>
</annotation>
