<annotation>
	<folder></folder>
	<filename>80_jpg.rf.f84b23de3c166ad3ed8295f1fbe2bd34.jpg</filename>
	<path>80_jpg.rf.f84b23de3c166ad3ed8295f1fbe2bd34.jpg</path>
	<source>
		<database>roboflow.com</database>
	</source>
	<size>
		<width>640</width>
		<height>640</height>
		<depth>3</depth>
	</size>
	<segmented>0</segmented>
	<object>
		<name>Plate</name>
		<pose>Unspecified</pose>
		<truncated>0</truncated>
		<difficult>0</difficult>
		<occluded>0</occluded>
		<bndbox>
			<xmin>97</xmin>
			<xmax>291</xmax>
			<ymin>310</ymin>
			<ymax>539</ymax>
		</bndbox>
	</object>
	<object>
		<name>Plate</name>
		<pose>Unspecified</pose>
		<truncated>0</truncated>
		<difficult>0</difficult>
		<occluded>0</occluded>
		<bndbox>
			<xmin>197</xmin>
			<xmax>429</xmax>
			<ymin>45</ymin>
			<ymax>313</ymax>
		</bndbox>
	</object>
</annotation>
