<annotation>
	<folder></folder>
	<filename>80_jpg.rf.99c465934e7f7e25db76703934cbbcae.jpg</filename>
	<path>80_jpg.rf.99c465934e7f7e25db76703934cbbcae.jpg</path>
	<source>
		<database>roboflow.com</database>
	</source>
	<size>
		<width>640</width>
		<height>640</height>
		<depth>3</depth>
	</size>
	<segmented>0</segmented>
	<object>
		<name>Plate</name>
		<pose>Unspecified</pose>
		<truncated>0</truncated>
		<difficult>0</difficult>
		<occluded>0</occluded>
		<bndbox>
			<xmin>103</xmin>
			<xmax>332</xmax>
			<ymin>97</ymin>
			<ymax>291</ymax>
		</bndbox>
	</object>
	<object>
		<name>Plate</name>
		<pose>Unspecified</pose>
		<truncated>0</truncated>
		<difficult>0</difficult>
		<occluded>0</occluded>
		<bndbox>
			<xmin>330</xmin>
			<xmax>598</xmax>
			<ymin>197</ymin>
			<ymax>429</ymax>
		</bndbox>
	</object>
</annotation>
