<annotation>
	<folder></folder>
	<filename>83_jpg.rf.acca44025d77fe847a5a55ad67a70792.jpg</filename>
	<path>83_jpg.rf.acca44025d77fe847a5a55ad67a70792.jpg</path>
	<source>
		<database>roboflow.com</database>
	</source>
	<size>
		<width>640</width>
		<height>640</height>
		<depth>3</depth>
	</size>
	<segmented>0</segmented>
	<object>
		<name>Plate</name>
		<pose>Unspecified</pose>
		<truncated>0</truncated>
		<difficult>0</difficult>
		<occluded>0</occluded>
		<bndbox>
			<xmin>67</xmin>
			<xmax>253</xmax>
			<ymin>7</ymin>
			<ymax>299</ymax>
		</bndbox>
	</object>
	<object>
		<name>Plate</name>
		<pose>Unspecified</pose>
		<truncated>0</truncated>
		<difficult>0</difficult>
		<occluded>0</occluded>
		<bndbox>
			<xmin>54</xmin>
			<xmax>312</xmax>
			<ymin>289</ymin>
			<ymax>607</ymax>
		</bndbox>
	</object>
	<object>
		<name>Plate</name>
		<pose>Unspecified</pose>
		<truncated>0</truncated>
		<difficult>0</difficult>
		<occluded>0</occluded>
		<bndbox>
			<xmin>297</xmin>
			<xmax>531</xmax>
			<ymin>239</ymin>
			<ymax>629</ymax>
		</bndbox>
	</object>
</annotation>
