<annotation>
	<folder></folder>
	<filename>83_jpg.rf.cf74235c46d544eb4588fa5cc0d640d0.jpg</filename>
	<path>83_jpg.rf.cf74235c46d544eb4588fa5cc0d640d0.jpg</path>
	<source>
		<database>roboflow.com</database>
	</source>
	<size>
		<width>640</width>
		<height>640</height>
		<depth>3</depth>
	</size>
	<segmented>0</segmented>
	<object>
		<name>Plate</name>
		<pose>Unspecified</pose>
		<truncated>0</truncated>
		<difficult>0</difficult>
		<occluded>0</occluded>
		<bndbox>
			<xmin>7</xmin>
			<xmax>299</xmax>
			<ymin>389</ymin>
			<ymax>575</ymax>
		</bndbox>
	</object>
	<object>
		<name>Plate</name>
		<pose>Unspecified</pose>
		<truncated>0</truncated>
		<difficult>0</difficult>
		<occluded>0</occluded>
		<bndbox>
			<xmin>289</xmin>
			<xmax>607</xmax>
			<ymin>331</ymin>
			<ymax>589</ymax>
		</bndbox>
	</object>
	<object>
		<name>Plate</name>
		<pose>Unspecified</pose>
		<truncated>0</truncated>
		<difficult>0</difficult>
		<occluded>0</occluded>
		<bndbox>
			<xmin>239</xmin>
			<xmax>629</xmax>
			<ymin>112</ymin>
			<ymax>346</ymax>
		</bndbox>
	</object>
</annotation>
