<annotation>
	<folder></folder>
	<filename>83_jpg.rf.ada03fcc1d411dfe0f91e37346291804.jpg</filename>
	<path>83_jpg.rf.ada03fcc1d411dfe0f91e37346291804.jpg</path>
	<source>
		<database>roboflow.com</database>
	</source>
	<size>
		<width>640</width>
		<height>640</height>
		<depth>3</depth>
	</size>
	<segmented>0</segmented>
	<object>
		<name>Plate</name>
		<pose>Unspecified</pose>
		<truncated>0</truncated>
		<difficult>0</difficult>
		<occluded>0</occluded>
		<bndbox>
			<xmin>343</xmin>
			<xmax>635</xmax>
			<ymin>67</ymin>
			<ymax>253</ymax>
		</bndbox>
	</object>
	<object>
		<name>Plate</name>
		<pose>Unspecified</pose>
		<truncated>0</truncated>
		<difficult>0</difficult>
		<occluded>0</occluded>
		<bndbox>
			<xmin>36</xmin>
			<xmax>354</xmax>
			<ymin>54</ymin>
			<ymax>312</ymax>
		</bndbox>
	</object>
	<object>
		<name>Plate</name>
		<pose>Unspecified</pose>
		<truncated>0</truncated>
		<difficult>0</difficult>
		<occluded>0</occluded>
		<bndbox>
			<xmin>14</xmin>
			<xmax>404</xmax>
			<ymin>297</ymin>
			<ymax>531</ymax>
		</bndbox>
	</object>
</annotation>
