<annotation>
	<folder></folder>
	<filename>84_jpg.rf.6e85b3e3b2483e510e64387a138f52d1.jpg</filename>
	<path>84_jpg.rf.6e85b3e3b2483e510e64387a138f52d1.jpg</path>
	<source>
		<database>roboflow.com</database>
	</source>
	<size>
		<width>640</width>
		<height>640</height>
		<depth>3</depth>
	</size>
	<segmented>0</segmented>
	<object>
		<name>Plate</name>
		<pose>Unspecified</pose>
		<truncated>0</truncated>
		<difficult>0</difficult>
		<occluded>0</occluded>
		<bndbox>
			<xmin>308</xmin>
			<xmax>424</xmax>
			<ymin>439</ymin>
			<ymax>609</ymax>
		</bndbox>
	</object>
	<object>
		<name>Plate</name>
		<pose>Unspecified</pose>
		<truncated>0</truncated>
		<difficult>0</difficult>
		<occluded>0</occluded>
		<bndbox>
			<xmin>338</xmin>
			<xmax>451</xmax>
			<ymin>355</ymin>
			<ymax>463</ymax>
		</bndbox>
	</object>
</annotation>
