<annotation>
	<folder></folder>
	<filename>84_jpg.rf.c40902df0deb8ee6031f712cce14f2ee.jpg</filename>
	<path>84_jpg.rf.c40902df0deb8ee6031f712cce14f2ee.jpg</path>
	<source>
		<database>roboflow.com</database>
	</source>
	<size>
		<width>640</width>
		<height>640</height>
		<depth>3</depth>
	</size>
	<segmented>0</segmented>
	<object>
		<name>Plate</name>
		<pose>Unspecified</pose>
		<truncated>0</truncated>
		<difficult>0</difficult>
		<occluded>0</occluded>
		<bndbox>
			<xmin>439</xmin>
			<xmax>609</xmax>
			<ymin>218</ymin>
			<ymax>334</ymax>
		</bndbox>
	</object>
	<object>
		<name>Plate</name>
		<pose>Unspecified</pose>
		<truncated>0</truncated>
		<difficult>0</difficult>
		<occluded>0</occluded>
		<bndbox>
			<xmin>355</xmin>
			<xmax>463</xmax>
			<ymin>192</ymin>
			<ymax>305</ymax>
		</bndbox>
	</object>
</annotation>
