<annotation>
	<folder></folder>
	<filename>84_jpg.rf.6d61011bbc8794944e974f7add9d55c0.jpg</filename>
	<path>84_jpg.rf.6d61011bbc8794944e974f7add9d55c0.jpg</path>
	<source>
		<database>roboflow.com</database>
	</source>
	<size>
		<width>640</width>
		<height>640</height>
		<depth>3</depth>
	</size>
	<segmented>0</segmented>
	<object>
		<name>Plate</name>
		<pose>Unspecified</pose>
		<truncated>0</truncated>
		<difficult>0</difficult>
		<occluded>0</occluded>
		<bndbox>
			<xmin>439</xmin>
			<xmax>609</xmax>
			<ymin>308</ymin>
			<ymax>424</ymax>
		</bndbox>
	</object>
	<object>
		<name>Plate</name>
		<pose>Unspecified</pose>
		<truncated>0</truncated>
		<difficult>0</difficult>
		<occluded>0</occluded>
		<bndbox>
			<xmin>355</xmin>
			<xmax>463</xmax>
			<ymin>338</ymin>
			<ymax>451</ymax>
		</bndbox>
	</object>
</annotation>
