<annotation>
	<folder></folder>
	<filename>85_jpg.rf.d6429f301d6d432f57110f7c14c234d4.jpg</filename>
	<path>85_jpg.rf.d6429f301d6d432f57110f7c14c234d4.jpg</path>
	<source>
		<database>roboflow.com</database>
	</source>
	<size>
		<width>640</width>
		<height>640</height>
		<depth>3</depth>
	</size>
	<segmented>0</segmented>
	<object>
		<name>Plate</name>
		<pose>Unspecified</pose>
		<truncated>0</truncated>
		<difficult>0</difficult>
		<occluded>0</occluded>
		<bndbox>
			<xmin>60</xmin>
			<xmax>637</xmax>
			<ymin>291</ymin>
			<ymax>641</ymax>
		</bndbox>
	</object>
	<object>
		<name>Plate</name>
		<pose>Unspecified</pose>
		<truncated>0</truncated>
		<difficult>0</difficult>
		<occluded>0</occluded>
		<bndbox>
			<xmin>1</xmin>
			<xmax>439</xmax>
			<ymin>44</ymin>
			<ymax>288</ymax>
		</bndbox>
	</object>
</annotation>
