<annotation>
	<folder></folder>
	<filename>85_jpg.rf.81059002c5ab3ef88c48273b86be3701.jpg</filename>
	<path>85_jpg.rf.81059002c5ab3ef88c48273b86be3701.jpg</path>
	<source>
		<database>roboflow.com</database>
	</source>
	<size>
		<width>640</width>
		<height>640</height>
		<depth>3</depth>
	</size>
	<segmented>0</segmented>
	<object>
		<name>Plate</name>
		<pose>Unspecified</pose>
		<truncated>0</truncated>
		<difficult>0</difficult>
		<occluded>0</occluded>
		<bndbox>
			<xmin>1</xmin>
			<xmax>351</xmax>
			<ymin>6</ymin>
			<ymax>583</ymax>
		</bndbox>
	</object>
	<object>
		<name>Plate</name>
		<pose>Unspecified</pose>
		<truncated>0</truncated>
		<difficult>0</difficult>
		<occluded>0</occluded>
		<bndbox>
			<xmin>354</xmin>
			<xmax>598</xmax>
			<ymin>203</ymin>
			<ymax>641</ymax>
		</bndbox>
	</object>
</annotation>
