<annotation>
	<folder></folder>
	<filename>86_jpg.rf.1a732bf45a5c6c23baa12c8412acdf31.jpg</filename>
	<path>86_jpg.rf.1a732bf45a5c6c23baa12c8412acdf31.jpg</path>
	<source>
		<database>roboflow.com</database>
	</source>
	<size>
		<width>640</width>
		<height>640</height>
		<depth>3</depth>
	</size>
	<segmented>0</segmented>
	<object>
		<name>Plate</name>
		<pose>Unspecified</pose>
		<truncated>0</truncated>
		<difficult>0</difficult>
		<occluded>0</occluded>
		<bndbox>
			<xmin>249</xmin>
			<xmax>641</xmax>
			<ymin>10</ymin>
			<ymax>267</ymax>
		</bndbox>
	</object>
	<object>
		<name>Plate</name>
		<pose>Unspecified</pose>
		<truncated>0</truncated>
		<difficult>0</difficult>
		<occluded>0</occluded>
		<bndbox>
			<xmin>186</xmin>
			<xmax>526</xmax>
			<ymin>363</ymin>
			<ymax>641</ymax>
		</bndbox>
	</object>
	<object>
		<name>Plate</name>
		<pose>Unspecified</pose>
		<truncated>0</truncated>
		<difficult>0</difficult>
		<occluded>0</occluded>
		<bndbox>
			<xmin>1</xmin>
			<xmax>118</xmax>
			<ymin>190</ymin>
			<ymax>454</ymax>
		</bndbox>
	</object>
</annotation>
