<annotation>
	<folder></folder>
	<filename>87_jpg.rf.9b4ce8490d801440e2ef0babc197ca1a.jpg</filename>
	<path>87_jpg.rf.9b4ce8490d801440e2ef0babc197ca1a.jpg</path>
	<source>
		<database>roboflow.com</database>
	</source>
	<size>
		<width>640</width>
		<height>640</height>
		<depth>3</depth>
	</size>
	<segmented>0</segmented>
	<object>
		<name>Plate</name>
		<pose>Unspecified</pose>
		<truncated>0</truncated>
		<difficult>0</difficult>
		<occluded>0</occluded>
		<bndbox>
			<xmin>121</xmin>
			<xmax>469</xmax>
			<ymin>76</ymin>
			<ymax>336</ymax>
		</bndbox>
	</object>
	<object>
		<name>Plate</name>
		<pose>Unspecified</pose>
		<truncated>0</truncated>
		<difficult>0</difficult>
		<occluded>0</occluded>
		<bndbox>
			<xmin>453</xmin>
			<xmax>563</xmax>
			<ymin>87</ymin>
			<ymax>315</ymax>
		</bndbox>
	</object>
	<object>
		<name>Plate</name>
		<pose>Unspecified</pose>
		<truncated>0</truncated>
		<difficult>0</difficult>
		<occluded>0</occluded>
		<bndbox>
			<xmin>369</xmin>
			<xmax>609</xmax>
			<ymin>295</ymin>
			<ymax>521</ymax>
		</bndbox>
	</object>
	<object>
		<name>Plate</name>
		<pose>Unspecified</pose>
		<truncated>0</truncated>
		<difficult>0</difficult>
		<occluded>0</occluded>
		<bndbox>
			<xmin>9</xmin>
			<xmax>521</xmax>
			<ymin>267</ymin>
			<ymax>560</ymax>
		</bndbox>
	</object>
</annotation>
