<annotation>
	<folder></folder>
	<filename>87_jpg.rf.0aa47cbfd2f0738f5fcc3679b1f75dfc.jpg</filename>
	<path>87_jpg.rf.0aa47cbfd2f0738f5fcc3679b1f75dfc.jpg</path>
	<source>
		<database>roboflow.com</database>
	</source>
	<size>
		<width>640</width>
		<height>640</height>
		<depth>3</depth>
	</size>
	<segmented>0</segmented>
	<object>
		<name>Plate</name>
		<pose>Unspecified</pose>
		<truncated>0</truncated>
		<difficult>0</difficult>
		<occluded>0</occluded>
		<bndbox>
			<xmin>174</xmin>
			<xmax>522</xmax>
			<ymin>76</ymin>
			<ymax>336</ymax>
		</bndbox>
	</object>
	<object>
		<name>Plate</name>
		<pose>Unspecified</pose>
		<truncated>0</truncated>
		<difficult>0</difficult>
		<occluded>0</occluded>
		<bndbox>
			<xmin>80</xmin>
			<xmax>190</xmax>
			<ymin>87</ymin>
			<ymax>315</ymax>
		</bndbox>
	</object>
	<object>
		<name>Plate</name>
		<pose>Unspecified</pose>
		<truncated>0</truncated>
		<difficult>0</difficult>
		<occluded>0</occluded>
		<bndbox>
			<xmin>34</xmin>
			<xmax>274</xmax>
			<ymin>295</ymin>
			<ymax>521</ymax>
		</bndbox>
	</object>
	<object>
		<name>Plate</name>
		<pose>Unspecified</pose>
		<truncated>0</truncated>
		<difficult>0</difficult>
		<occluded>0</occluded>
		<bndbox>
			<xmin>122</xmin>
			<xmax>634</xmax>
			<ymin>267</ymin>
			<ymax>560</ymax>
		</bndbox>
	</object>
</annotation>
