<annotation>
	<folder></folder>
	<filename>88_jpg.rf.965996ea3ae4d5f48c5989b92ea1c75a.jpg</filename>
	<path>88_jpg.rf.965996ea3ae4d5f48c5989b92ea1c75a.jpg</path>
	<source>
		<database>roboflow.com</database>
	</source>
	<size>
		<width>640</width>
		<height>640</height>
		<depth>3</depth>
	</size>
	<segmented>0</segmented>
	<object>
		<name>Plate</name>
		<pose>Unspecified</pose>
		<truncated>0</truncated>
		<difficult>0</difficult>
		<occluded>0</occluded>
		<bndbox>
			<xmin>227</xmin>
			<xmax>534</xmax>
			<ymin>1</ymin>
			<ymax>380</ymax>
		</bndbox>
	</object>
	<object>
		<name>Plate</name>
		<pose>Unspecified</pose>
		<truncated>0</truncated>
		<difficult>0</difficult>
		<occluded>0</occluded>
		<bndbox>
			<xmin>222</xmin>
			<xmax>591</xmax>
			<ymin>111</ymin>
			<ymax>597</ymax>
		</bndbox>
	</object>
</annotation>
