<annotation>
	<folder></folder>
	<filename>88_jpg.rf.52ec9a78ffacd208c7f8d44a7eecf3b3.jpg</filename>
	<path>88_jpg.rf.52ec9a78ffacd208c7f8d44a7eecf3b3.jpg</path>
	<source>
		<database>roboflow.com</database>
	</source>
	<size>
		<width>640</width>
		<height>640</height>
		<depth>3</depth>
	</size>
	<segmented>0</segmented>
	<object>
		<name>Plate</name>
		<pose>Unspecified</pose>
		<truncated>0</truncated>
		<difficult>0</difficult>
		<occluded>0</occluded>
		<bndbox>
			<xmin>1</xmin>
			<xmax>380</xmax>
			<ymin>227</ymin>
			<ymax>534</ymax>
		</bndbox>
	</object>
	<object>
		<name>Plate</name>
		<pose>Unspecified</pose>
		<truncated>0</truncated>
		<difficult>0</difficult>
		<occluded>0</occluded>
		<bndbox>
			<xmin>111</xmin>
			<xmax>597</xmax>
			<ymin>222</ymin>
			<ymax>591</ymax>
		</bndbox>
	</object>
</annotation>
