<annotation>
	<folder></folder>
	<filename>8_jpg.rf.9565cd858207a1fe7d1eb4bec8c0d032.jpg</filename>
	<path>8_jpg.rf.9565cd858207a1fe7d1eb4bec8c0d032.jpg</path>
	<source>
		<database>roboflow.com</database>
	</source>
	<size>
		<width>640</width>
		<height>640</height>
		<depth>3</depth>
	</size>
	<segmented>0</segmented>
	<object>
		<name>Plate</name>
		<pose>Unspecified</pose>
		<truncated>0</truncated>
		<difficult>0</difficult>
		<occluded>0</occluded>
		<bndbox>
			<xmin>41</xmin>
			<xmax>639</xmax>
			<ymin>207</ymin>
			<ymax>513</ymax>
		</bndbox>
	</object>
</annotation>
