<annotation>
	<folder></folder>
	<filename>90_jpg.rf.cf8c83751bfed5e44b1b029e392d46ea.jpg</filename>
	<path>90_jpg.rf.cf8c83751bfed5e44b1b029e392d46ea.jpg</path>
	<source>
		<database>roboflow.com</database>
	</source>
	<size>
		<width>640</width>
		<height>640</height>
		<depth>3</depth>
	</size>
	<segmented>0</segmented>
	<object>
		<name>Plate</name>
		<pose>Unspecified</pose>
		<truncated>0</truncated>
		<difficult>0</difficult>
		<occluded>0</occluded>
		<bndbox>
			<xmin>53</xmin>
			<xmax>596</xmax>
			<ymin>84</ymin>
			<ymax>584</ymax>
		</bndbox>
	</object>
</annotation>
