<annotation>
	<folder></folder>
	<filename>90_jpg.rf.0fe53bed1296d72781bfcdd439542ec9.jpg</filename>
	<path>90_jpg.rf.0fe53bed1296d72781bfcdd439542ec9.jpg</path>
	<source>
		<database>roboflow.com</database>
	</source>
	<size>
		<width>640</width>
		<height>640</height>
		<depth>3</depth>
	</size>
	<segmented>0</segmented>
	<object>
		<name>Plate</name>
		<pose>Unspecified</pose>
		<truncated>0</truncated>
		<difficult>0</difficult>
		<occluded>0</occluded>
		<bndbox>
			<xmin>84</xmin>
			<xmax>584</xmax>
			<ymin>53</ymin>
			<ymax>596</ymax>
		</bndbox>
	</object>
</annotation>
