<annotation>
	<folder></folder>
	<filename>91_jpg.rf.ddec8f7b7b29619ee970aa2ca9b52d76.jpg</filename>
	<path>91_jpg.rf.ddec8f7b7b29619ee970aa2ca9b52d76.jpg</path>
	<source>
		<database>roboflow.com</database>
	</source>
	<size>
		<width>640</width>
		<height>640</height>
		<depth>3</depth>
	</size>
	<segmented>0</segmented>
	<object>
		<name>Plate</name>
		<pose>Unspecified</pose>
		<truncated>0</truncated>
		<difficult>0</difficult>
		<occluded>0</occluded>
		<bndbox>
			<xmin>84</xmin>
			<xmax>614</xmax>
			<ymin>68</ymin>
			<ymax>567</ymax>
		</bndbox>
	</object>
</annotation>
