<annotation>
	<folder></folder>
	<filename>92_jpg.rf.a97251b9fa0b89ca266e6783b56d62e4.jpg</filename>
	<path>92_jpg.rf.a97251b9fa0b89ca266e6783b56d62e4.jpg</path>
	<source>
		<database>roboflow.com</database>
	</source>
	<size>
		<width>640</width>
		<height>640</height>
		<depth>3</depth>
	</size>
	<segmented>0</segmented>
	<object>
		<name>Plate</name>
		<pose>Unspecified</pose>
		<truncated>0</truncated>
		<difficult>0</difficult>
		<occluded>0</occluded>
		<bndbox>
			<xmin>64</xmin>
			<xmax>540</xmax>
			<ymin>64</ymin>
			<ymax>597</ymax>
		</bndbox>
	</object>
</annotation>
