<annotation>
	<folder></folder>
	<filename>92_jpg.rf.b72f5a4cc1053282b9370b0f2482a8ba.jpg</filename>
	<path>92_jpg.rf.b72f5a4cc1053282b9370b0f2482a8ba.jpg</path>
	<source>
		<database>roboflow.com</database>
	</source>
	<size>
		<width>640</width>
		<height>640</height>
		<depth>3</depth>
	</size>
	<segmented>0</segmented>
	<object>
		<name>Plate</name>
		<pose>Unspecified</pose>
		<truncated>0</truncated>
		<difficult>0</difficult>
		<occluded>0</occluded>
		<bndbox>
			<xmin>64</xmin>
			<xmax>540</xmax>
			<ymin>45</ymin>
			<ymax>578</ymax>
		</bndbox>
	</object>
</annotation>
