<annotation>
	<folder></folder>
	<filename>95_jpg.rf.d1b2ebf82b1edfa66640d6dc53c9f146.jpg</filename>
	<path>95_jpg.rf.d1b2ebf82b1edfa66640d6dc53c9f146.jpg</path>
	<source>
		<database>roboflow.com</database>
	</source>
	<size>
		<width>640</width>
		<height>640</height>
		<depth>3</depth>
	</size>
	<segmented>0</segmented>
	<object>
		<name>Plate</name>
		<pose>Unspecified</pose>
		<truncated>0</truncated>
		<difficult>0</difficult>
		<occluded>0</occluded>
		<bndbox>
			<xmin>65</xmin>
			<xmax>598</xmax>
			<ymin>32</ymin>
			<ymax>586</ymax>
		</bndbox>
	</object>
</annotation>
