<annotation>
	<folder></folder>
	<filename>95_jpg.rf.2af84dbf0d4a1f1492262179e616dfc8.jpg</filename>
	<path>95_jpg.rf.2af84dbf0d4a1f1492262179e616dfc8.jpg</path>
	<source>
		<database>roboflow.com</database>
	</source>
	<size>
		<width>640</width>
		<height>640</height>
		<depth>3</depth>
	</size>
	<segmented>0</segmented>
	<object>
		<name>Plate</name>
		<pose>Unspecified</pose>
		<truncated>0</truncated>
		<difficult>0</difficult>
		<occluded>0</occluded>
		<bndbox>
			<xmin>65</xmin>
			<xmax>598</xmax>
			<ymin>57</ymin>
			<ymax>611</ymax>
		</bndbox>
	</object>
</annotation>
