<annotation>
	<folder></folder>
	<filename>95_jpg.rf.e1a3d4de3eb0f3123c8c85abaa7f1303.jpg</filename>
	<path>95_jpg.rf.e1a3d4de3eb0f3123c8c85abaa7f1303.jpg</path>
	<source>
		<database>roboflow.com</database>
	</source>
	<size>
		<width>640</width>
		<height>640</height>
		<depth>3</depth>
	</size>
	<segmented>0</segmented>
	<object>
		<name>Plate</name>
		<pose>Unspecified</pose>
		<truncated>0</truncated>
		<difficult>0</difficult>
		<occluded>0</occluded>
		<bndbox>
			<xmin>57</xmin>
			<xmax>611</xmax>
			<ymin>45</ymin>
			<ymax>578</ymax>
		</bndbox>
	</object>
</annotation>
