<annotation>
	<folder></folder>
	<filename>98_jpg.rf.89f8a0fbeb12613f21d108e05e4614ae.jpg</filename>
	<path>98_jpg.rf.89f8a0fbeb12613f21d108e05e4614ae.jpg</path>
	<source>
		<database>roboflow.com</database>
	</source>
	<size>
		<width>640</width>
		<height>640</height>
		<depth>3</depth>
	</size>
	<segmented>0</segmented>
	<object>
		<name>Plate</name>
		<pose>Unspecified</pose>
		<truncated>0</truncated>
		<difficult>0</difficult>
		<occluded>0</occluded>
		<bndbox>
			<xmin>41</xmin>
			<xmax>469</xmax>
			<ymin>7</ymin>
			<ymax>293</ymax>
		</bndbox>
	</object>
	<object>
		<name>Plate</name>
		<pose>Unspecified</pose>
		<truncated>0</truncated>
		<difficult>0</difficult>
		<occluded>0</occluded>
		<bndbox>
			<xmin>261</xmin>
			<xmax>604</xmax>
			<ymin>315</ymin>
			<ymax>567</ymax>
		</bndbox>
	</object>
</annotation>
