<annotation>
	<folder></folder>
	<filename>98_jpg.rf.092e8ff2193383fabc8c450ccef0b7e3.jpg</filename>
	<path>98_jpg.rf.092e8ff2193383fabc8c450ccef0b7e3.jpg</path>
	<source>
		<database>roboflow.com</database>
	</source>
	<size>
		<width>640</width>
		<height>640</height>
		<depth>3</depth>
	</size>
	<segmented>0</segmented>
	<object>
		<name>Plate</name>
		<pose>Unspecified</pose>
		<truncated>0</truncated>
		<difficult>0</difficult>
		<occluded>0</occluded>
		<bndbox>
			<xmin>7</xmin>
			<xmax>293</xmax>
			<ymin>41</ymin>
			<ymax>469</ymax>
		</bndbox>
	</object>
	<object>
		<name>Plate</name>
		<pose>Unspecified</pose>
		<truncated>0</truncated>
		<difficult>0</difficult>
		<occluded>0</occluded>
		<bndbox>
			<xmin>315</xmin>
			<xmax>567</xmax>
			<ymin>261</ymin>
			<ymax>604</ymax>
		</bndbox>
	</object>
</annotation>
